[2026-03-01 22:56:02] [clean] REMOVED /var/folders/s5/bry5jw1s1h5f9gjmv8qbk9rm0000gn/T//brew_update.fUzLZH (4KB)
[2026-03-01 22:56:02] [clean] REMOVED /var/folders/s5/bry5jw1s1h5f9gjmv8qbk9rm0000gn/T//brew_upgrade.AUHYGV (4KB)

# ========== clean session started at 2026-03-01 22:56:29 ==========
[2026-03-01 22:56:35] [clean] REMOVED /Library/Logs/DiagnosticReports/.ANECompilerService_2026-02-19-123455_Prashants-MacBook-Air.cpu_resource.diag
[2026-03-01 22:56:35] [clean] REMOVED /private/var/log/shutdown_monitor.log (45KB)
[2026-03-01 22:56:35] [clean] REMOVED /private/var/log/powermanagement/2026.02.15.asl (2.5MB)
[2026-03-01 22:56:35] [clean] REMOVED /private/var/log/powermanagement/2026.02.17.asl (3.2MB)
[2026-03-01 22:56:35] [clean] REMOVED /private/var/log/powermanagement/2026.02.16.asl (2.4MB)
[2026-03-01 22:56:35] [clean] REMOVED /private/var/log/powermanagement/2026.02.18.asl (2.5MB)
[2026-03-01 22:56:35] [clean] REMOVED /private/var/log/powermanagement/2026.02.19.asl (2.0MB)
[2026-03-01 22:56:35] [clean] REMOVED /private/var/log/powermanagement/2026.02.20.asl (2.3MB)
[2026-03-01 22:56:35] [clean] REMOVED /private/var/log/asl/BB.2026.10.31.G80.asl (61KB)
[2026-03-01 22:56:35] [clean] REMOVED /private/var/log/asl/BB.2026.09.30.G80.asl (33KB)
[2026-03-01 22:56:36] [clean] REMOVED /private/var/log/asl/BB.2026.12.31.G80.asl (172KB)
[2026-03-01 22:56:36] [clean] REMOVED /private/var/log/asl/BB.2026.11.30.G80.asl (61KB)
[2026-03-01 22:56:36] [clean] REMOVED /private/var/log/asl/BB.2027.01.31.G80.asl (315KB)
[2026-03-01 22:56:37] [clean] REMOVED /private/var/folders/s5/bry5jw1s1h5f9gjmv8qbk9rm0000gn/X/com.google.Chrome.code_sign_clone (3.40GB)
[2026-03-01 22:56:41] [clean] REMOVED /private/var/db/diagnostics/shutdown.0.log (168KB)
[2026-03-01 22:56:41] [clean] REMOVED /private/var/db/diagnostics/Special/00000000000033da.tracev3 (647KB)
[2026-03-01 22:56:41] [clean] REMOVED /private/var/db/diagnostics/timesync/0000000000000027.timesync (4KB)
[2026-03-01 22:56:42] [clean] REMOVED /private/var/db/diagnostics/timesync/0000000000000026.timesync (4KB)
[2026-03-01 22:56:42] [clean] REMOVED /private/var/db/diagnostics/timesync/000000000000002b.timesync (4KB)
[2026-03-01 22:56:42] [clean] REMOVED /private/var/db/diagnostics/timesync/000000000000002c.timesync (8KB)
[2026-03-01 22:56:42] [clean] REMOVED /private/var/db/diagnostics/timesync/0000000000000020.timesync (12KB)
[2026-03-01 22:56:42] [clean] REMOVED /private/var/db/diagnostics/timesync/0000000000000021.timesync (8KB)
[2026-03-01 22:56:42] [clean] REMOVED /private/var/db/diagnostics/timesync/000000000000002e.timesync (4KB)
[2026-03-01 22:56:42] [clean] REMOVED /private/var/db/diagnostics/timesync/000000000000002d.timesync (8KB)
[2026-03-01 22:56:42] [clean] REMOVED /private/var/db/diagnostics/timesync/0000000000000024.timesync (4KB)
[2026-03-01 22:56:42] [clean] REMOVED /private/var/db/diagnostics/timesync/0000000000000025.timesync (4KB)
[2026-03-01 22:56:42] [clean] REMOVED /private/var/db/diagnostics/timesync/000000000000002a.timesync (8KB)
[2026-03-01 22:56:42] [clean] REMOVED /private/var/db/diagnostics/timesync/0000000000000029.timesync (4KB)
[2026-03-01 22:56:42] [clean] REMOVED /private/var/db/diagnostics/timesync/0000000000000028.timesync (4KB)
[2026-03-01 22:56:42] [clean] REMOVED /private/var/db/diagnostics/timesync/0000000000000023.timesync (4KB)
[2026-03-01 22:56:42] [clean] REMOVED /private/var/db/diagnostics/timesync/0000000000000022.timesync (4KB)
[2026-03-01 22:56:42] [clean] REMOVED /private/var/db/diagnostics/timesync/000000000000002f.timesync (4KB)
[2026-03-01 22:56:42] [clean] REMOVED /private/var/db/diagnostics/roles.plist (4KB)
[2026-03-01 22:56:43] [clean] REMOVED /private/var/db/DiagnosticPipeline/DRSTaskingDataModel.sqlite (41KB)
[2026-03-01 22:56:43] [clean] REMOVED /private/var/db/DiagnosticPipeline/DRSCKConfigModel.sqlite (25KB)
[2026-03-01 22:56:43] [clean] REMOVED /private/var/db/DiagnosticPipeline/DRSDataModel.sqlite (115KB)
[2026-03-01 22:56:43] [clean] REMOVED /private/var/db/powerlog/Library/BatteryLife/Archives/powerlog_2026-02-16_304703E2.PLSQL.gz (4.5MB)
[2026-03-01 22:56:43] [clean] REMOVED /private/var/db/powerlog/Library/PerfPowerTelemetry/XcodeOrganizer/CurrentXcodeOrganizerDB.XCSQL (4KB)
[2026-03-01 22:56:43] [clean] SKIPPED /Users/prashantkoirala/Library/Caches/CloudKit (whitelist)
[2026-03-01 22:56:43] [clean] SKIPPED /Users/prashantkoirala/Library/Caches/ch.protonvpn.mac (protected)
[2026-03-01 22:56:43] [clean] SKIPPED /Users/prashantkoirala/Library/Caches/com.apple.AMPDevicesAgent (protected)
[2026-03-01 22:56:43] [clean] SKIPPED /Users/prashantkoirala/Library/Caches/com.apple.AMPLibraryAgent (protected)
[2026-03-01 22:56:43] [clean] SKIPPED /Users/prashantkoirala/Library/Caches/com.apple.AppleMediaServices (protected)
[2026-03-01 22:56:43] [clean] SKIPPED /Users/prashantkoirala/Library/Caches/com.apple.AssistantServices (protected)
[2026-03-01 22:56:44] [clean] SKIPPED /Users/prashantkoirala/Library/Caches/com.apple.AuthenticationServicesCore.AuthenticationServicesAgent (protected)
[2026-03-01 22:56:44] [clean] SKIPPED /Users/prashantkoirala/Library/Caches/com.apple.AvatarKit (protected)
[2026-03-01 22:56:44] [clean] SKIPPED /Users/prashantkoirala/Library/Caches/com.apple.CharacterPaletteIM (protected)
[2026-03-01 22:56:44] [clean] SKIPPED /Users/prashantkoirala/Library/Caches/com.apple.CloudTelemetry (protected)
[2026-03-01 22:56:44] [clean] SKIPPED /Users/prashantkoirala/Library/Caches/com.apple.DictionaryServices (protected)
[2026-03-01 22:56:44] [clean] SKIPPED /Users/prashantkoirala/Library/Caches/com.apple.FeatureAccessAgent (protected)
[2026-03-01 22:56:44] [clean] SKIPPED /Users/prashantkoirala/Library/Caches/com.apple.FileProviderDaemon.AppStoreService (protected)
[2026-03-01 22:56:44] [clean] SKIPPED /Users/prashantkoirala/Library/Caches/com.apple.GameOverlayUI (protected)
[2026-03-01 22:56:44] [clean] SKIPPED /Users/prashantkoirala/Library/Caches/com.apple.HomeKit (protected)
[2026-03-01 22:56:44] [clean] SKIPPED /Users/prashantkoirala/Library/Caches/com.apple.Music (protected)
[2026-03-01 22:56:44] [clean] SKIPPED /Users/prashantkoirala/Library/Caches/com.apple.Safari (protected)
[2026-03-01 22:56:44] [clean] SKIPPED /Users/prashantkoirala/Library/Caches/com.apple.SetupAssistant (protected)
[2026-03-01 22:56:44] [clean] SKIPPED /Users/prashantkoirala/Library/Caches/com.apple.Software-Update-Settings.extension (protected)
[2026-03-01 22:56:44] [clean] SKIPPED /Users/prashantkoirala/Library/Caches/com.apple.SoftwareUpdateNotificationManager (protected)
[2026-03-01 22:56:44] [clean] SKIPPED /Users/prashantkoirala/Library/Caches/com.apple.Spotlight (protected)
[2026-03-01 22:56:44] [clean] SKIPPED /Users/prashantkoirala/Library/Caches/com.apple.SystemProfiler.AboutExtension (protected)
[2026-03-01 22:56:44] [clean] SKIPPED /Users/prashantkoirala/Library/Caches/com.apple.TV (protected)
[2026-03-01 22:56:44] [clean] SKIPPED /Users/prashantkoirala/Library/Caches/com.apple.VideoConference (protected)
[2026-03-01 22:56:44] [clean] SKIPPED /Users/prashantkoirala/Library/Caches/com.apple.accountsd (protected)
[2026-03-01 22:56:44] [clean] SKIPPED /Users/prashantkoirala/Library/Caches/com.apple.akd (protected)
[2026-03-01 22:56:44] [clean] SKIPPED /Users/prashantkoirala/Library/Caches/com.apple.amsaccountsd (protected)
[2026-03-01 22:56:44] [clean] SKIPPED /Users/prashantkoirala/Library/Caches/com.apple.amsengagementd (protected)
[2026-03-01 22:56:44] [clean] SKIPPED /Users/prashantkoirala/Library/Caches/com.apple.amsondevicestoraged (protected)
[2026-03-01 22:56:44] [clean] SKIPPED /Users/prashantkoirala/Library/Caches/com.apple.ap.PromotedContentJetService (protected)
[2026-03-01 22:56:44] [clean] SKIPPED /Users/prashantkoirala/Library/Caches/com.apple.ap.adprivacyd (protected)
[2026-03-01 22:56:44] [clean] SKIPPED /Users/prashantkoirala/Library/Caches/com.apple.appleaccountd (protected)
[2026-03-01 22:56:44] [clean] SKIPPED /Users/prashantkoirala/Library/Caches/com.apple.appstore (protected)
[2026-03-01 22:56:44] [clean] SKIPPED /Users/prashantkoirala/Library/Caches/com.apple.appstoreagent (protected)
[2026-03-01 22:56:44] [clean] SKIPPED /Users/prashantkoirala/Library/Caches/com.apple.appstorecomponentsd (protected)
[2026-03-01 22:56:44] [clean] SKIPPED /Users/prashantkoirala/Library/Caches/com.apple.assistant_service (protected)
[2026-03-01 22:56:44] [clean] SKIPPED /Users/prashantkoirala/Library/Caches/com.apple.assistantd (protected)
[2026-03-01 22:56:44] [clean] SKIPPED /Users/prashantkoirala/Library/Caches/com.apple.betaenrollmentagent (protected)
[2026-03-01 22:56:44] [clean] SKIPPED /Users/prashantkoirala/Library/Caches/com.apple.bird (protected)
[2026-03-01 22:56:44] [clean] SKIPPED /Users/prashantkoirala/Library/Caches/com.apple.bookassetd (protected)
[2026-03-01 22:56:44] [clean] SKIPPED /Users/prashantkoirala/Library/Caches/com.apple.bookdatastored (protected)
[2026-03-01 22:56:44] [clean] SKIPPED /Users/prashantkoirala/Library/Caches/com.apple.businessservicesd (protected)
[2026-03-01 22:56:44] [clean] SKIPPED /Users/prashantkoirala/Library/Caches/com.apple.cache_delete (protected)
[2026-03-01 22:56:44] [clean] SKIPPED /Users/prashantkoirala/Library/Caches/com.apple.callintelligenced (protected)
[2026-03-01 22:56:44] [clean] SKIPPED /Users/prashantkoirala/Library/Caches/com.apple.chrono (protected)
[2026-03-01 22:56:44] [clean] SKIPPED /Users/prashantkoirala/Library/Caches/com.apple.cloudd (protected)
[2026-03-01 22:56:44] [clean] SKIPPED /Users/prashantkoirala/Library/Caches/com.apple.commerce (protected)
[2026-03-01 22:56:44] [clean] SKIPPED /Users/prashantkoirala/Library/Caches/com.apple.containermanagerd (protected)
[2026-03-01 22:56:44] [clean] SKIPPED /Users/prashantkoirala/Library/Caches/com.apple.controlcenter (protected)
[2026-03-01 22:56:44] [clean] SKIPPED /Users/prashantkoirala/Library/Caches/com.apple.ctcategories.service (protected)
[2026-03-01 22:56:44] [clean] SKIPPED /Users/prashantkoirala/Library/Caches/com.apple.dataaccess.dataaccessd (protected)
[2026-03-01 22:56:44] [clean] SKIPPED /Users/prashantkoirala/Library/Caches/com.apple.donotdisturbd (protected)
[2026-03-01 22:56:44] [clean] SKIPPED /Users/prashantkoirala/Library/Caches/com.apple.duetexpertd (protected)
[2026-03-01 22:56:44] [clean] SKIPPED /Users/prashantkoirala/Library/Caches/com.apple.e5rt.e5bundlecache (protected)
[2026-03-01 22:56:44] [clean] SKIPPED /Users/prashantkoirala/Library/Caches/com.apple.feedbacklogger (protected)
[2026-03-01 22:56:44] [clean] SKIPPED /Users/prashantkoirala/Library/Caches/com.apple.findmy.findmylocateagent (protected)
[2026-03-01 22:56:44] [clean] SKIPPED /Users/prashantkoirala/Library/Caches/com.apple.findmy.fmfcore (protected)
[2026-03-01 22:56:44] [clean] SKIPPED /Users/prashantkoirala/Library/Caches/com.apple.findmy.fmipcore (protected)
[2026-03-01 22:56:44] [clean] SKIPPED /Users/prashantkoirala/Library/Caches/com.apple.findmy.imagecache (protected)
[2026-03-01 22:56:44] [clean] SKIPPED /Users/prashantkoirala/Library/Caches/com.apple.gamed (protected)
[2026-03-01 22:56:44] [clean] SKIPPED /Users/prashantkoirala/Library/Caches/com.apple.geoanalyticsd (protected)
[2026-03-01 22:56:44] [clean] SKIPPED /Users/prashantkoirala/Library/Caches/com.apple.helpd (protected)
[2026-03-01 22:56:44] [clean] SKIPPED /Users/prashantkoirala/Library/Caches/com.apple.homed (protected)
[2026-03-01 22:56:44] [clean] SKIPPED /Users/prashantkoirala/Library/Caches/com.apple.iCloudNotificationAgent (protected)
[2026-03-01 22:56:44] [clean] SKIPPED /Users/prashantkoirala/Library/Caches/com.apple.iTunes (protected)
[2026-03-01 22:56:44] [clean] SKIPPED /Users/prashantkoirala/Library/Caches/com.apple.iTunesCloud (protected)
[2026-03-01 22:56:44] [clean] SKIPPED /Users/prashantkoirala/Library/Caches/com.apple.installer (protected)
[2026-03-01 22:56:44] [clean] SKIPPED /Users/prashantkoirala/Library/Caches/com.apple.itunescloudd (protected)
[2026-03-01 22:56:44] [clean] SKIPPED /Users/prashantkoirala/Library/Caches/com.apple.logic10 (protected)
[2026-03-01 22:56:44] [clean] SKIPPED /Users/prashantkoirala/Library/Caches/com.apple.managedappdistributionagent (protected)
[2026-03-01 22:56:44] [clean] SKIPPED /Users/prashantkoirala/Library/Caches/com.apple.musicapps (protected)
[2026-03-01 22:56:44] [clean] SKIPPED /Users/prashantkoirala/Library/Caches/com.apple.nbagent (protected)
[2026-03-01 22:56:44] [clean] SKIPPED /Users/prashantkoirala/Library/Caches/com.apple.nsservicescache.plist (protected)
[2026-03-01 22:56:44] [clean] SKIPPED /Users/prashantkoirala/Library/Caches/com.apple.nsurlsessiond (protected)
[2026-03-01 22:56:44] [clean] SKIPPED /Users/prashantkoirala/Library/Caches/com.apple.parsecd (protected)
[2026-03-01 22:56:44] [clean] SKIPPED /Users/prashantkoirala/Library/Caches/com.apple.passd (protected)
[2026-03-01 22:56:44] [clean] SKIPPED /Users/prashantkoirala/Library/Caches/com.apple.preferencepanes.usercache (protected)
[2026-03-01 22:56:44] [clean] SKIPPED /Users/prashantkoirala/Library/Caches/com.apple.proactive.eventtracker (protected)
[2026-03-01 22:56:44] [clean] SKIPPED /Users/prashantkoirala/Library/Caches/com.apple.python (protected)
[2026-03-01 22:56:44] [clean] SKIPPED /Users/prashantkoirala/Library/Caches/com.apple.remindd (protected)
[2026-03-01 22:56:44] [clean] SKIPPED /Users/prashantkoirala/Library/Caches/com.apple.sharekit.-2417890708855011662.png (protected)
[2026-03-01 22:56:44] [clean] SKIPPED /Users/prashantkoirala/Library/Caches/com.apple.sharekit.-4733748633353167552.png (protected)
[2026-03-01 22:56:44] [clean] SKIPPED /Users/prashantkoirala/Library/Caches/com.apple.sharekit.-6780277465686202818.png (protected)
[2026-03-01 22:56:44] [clean] SKIPPED /Users/prashantkoirala/Library/Caches/com.apple.sharekit.-7779189576589942603.png (protected)
[2026-03-01 22:56:44] [clean] SKIPPED /Users/prashantkoirala/Library/Caches/com.apple.sharekit.14153899609806.png (protected)
[2026-03-01 22:56:44] [clean] SKIPPED /Users/prashantkoirala/Library/Caches/com.apple.sharekit.24049398415.png (protected)
[2026-03-01 22:56:44] [clean] SKIPPED /Users/prashantkoirala/Library/Caches/com.apple.sharekit.26919328759.png (protected)
[2026-03-01 22:56:44] [clean] SKIPPED /Users/prashantkoirala/Library/Caches/com.apple.sharekit.3465968951862004152.png (protected)
[2026-03-01 22:56:44] [clean] SKIPPED /Users/prashantkoirala/Library/Caches/com.apple.sharekit.4024808128781873001.png (protected)
[2026-03-01 22:56:45] [clean] SKIPPED /Users/prashantkoirala/Library/Caches/com.apple.sharekit.663103074326612662.png (protected)
[2026-03-01 22:56:45] [clean] SKIPPED /Users/prashantkoirala/Library/Caches/com.apple.shazamd (protected)
[2026-03-01 22:56:45] [clean] SKIPPED /Users/prashantkoirala/Library/Caches/com.apple.shazamlibrary.cloud (protected)
[2026-03-01 22:56:45] [clean] SKIPPED /Users/prashantkoirala/Library/Caches/com.apple.siri.SuggestionsBookkeepingService (protected)
[2026-03-01 22:56:45] [clean] SKIPPED /Users/prashantkoirala/Library/Caches/com.apple.siri.bundleservicecache.plist (protected)
[2026-03-01 22:56:45] [clean] SKIPPED /Users/prashantkoirala/Library/Caches/com.apple.siri.conversationhandlercache.plist (protected)
[2026-03-01 22:56:45] [clean] SKIPPED /Users/prashantkoirala/Library/Caches/com.apple.siri.findmy.syncdevicedata.json (protected)
[2026-03-01 22:56:45] [clean] SKIPPED /Users/prashantkoirala/Library/Caches/com.apple.siri.transformationplugincache.plist (protected)
[2026-03-01 22:56:45] [clean] SKIPPED /Users/prashantkoirala/Library/Caches/com.apple.sirittsd (protected)
[2026-03-01 22:56:45] [clean] SKIPPED /Users/prashantkoirala/Library/Caches/com.apple.storekitagent (protected)
[2026-03-01 22:56:45] [clean] SKIPPED /Users/prashantkoirala/Library/Caches/com.apple.systemsettings.menucache (protected)
[2026-03-01 22:56:45] [clean] SKIPPED /Users/prashantkoirala/Library/Caches/com.apple.textunderstandingd (protected)
[2026-03-01 22:56:45] [clean] SKIPPED /Users/prashantkoirala/Library/Caches/com.apple.tipsd (protected)
[2026-03-01 22:56:45] [clean] SKIPPED /Users/prashantkoirala/Library/Caches/com.apple.tiswitcher.cache (protected)
[2026-03-01 22:56:45] [clean] SKIPPED /Users/prashantkoirala/Library/Caches/com.apple.translationd (protected)
[2026-03-01 22:56:45] [clean] SKIPPED /Users/prashantkoirala/Library/Caches/com.apple.watchlistd (protected)
[2026-03-01 22:56:45] [clean] SKIPPED /Users/prashantkoirala/Library/Caches/com.figma.agent (protected)
[2026-03-01 22:56:45] [clean] SKIPPED /Users/prashantkoirala/Library/Caches/com.microsoft.OneDriveStandaloneUpdater (protected)
[2026-03-01 22:56:45] [clean] SKIPPED /Users/prashantkoirala/Library/Caches/com.parallels.desktop.console (protected)
[2026-03-01 22:56:45] [clean] SKIPPED /Users/prashantkoirala/Library/Caches/com.postmanlabs.mac (protected)
[2026-03-01 22:56:45] [clean] SKIPPED /Users/prashantkoirala/Library/Caches/com.raycast.macos (protected)
[2026-03-01 22:56:45] [clean] SKIPPED /Users/prashantkoirala/Library/Caches/com.tencent.xinWeChat (protected)
[2026-03-01 22:56:45] [clean] SKIPPED /Users/prashantkoirala/Library/Caches/dev.warp.Warp-Stable (protected)
[2026-03-01 22:56:45] [clean] SKIPPED /Users/prashantkoirala/Library/Caches/ms-playwright-go (whitelist)
[2026-03-01 22:56:45] [clean] SKIPPED /Users/prashantkoirala/Library/Caches/org.videolan.vlc (protected)
[2026-03-01 22:56:49] [clean] REMOVED /Users/prashantkoirala/Library/Caches/Zed
[2026-03-01 22:56:56] [clean] REMOVED /Users/prashantkoirala/Library/Caches/Yarn (444.1MB)
[2026-03-01 22:56:56] [clean] REMOVED /Users/prashantkoirala/Library/Caches/pnpm (197.9MB)
[2026-03-01 22:57:42] [clean] REMOVED /Users/prashantkoirala/Library/Caches/Google (4.86GB)
[2026-03-01 22:57:42] [clean] REMOVED /Users/prashantkoirala/Library/Caches/GameKit (49KB)
[2026-03-01 22:57:42] [clean] REMOVED /Users/prashantkoirala/Library/Caches/PassKit (4KB)
[2026-03-01 22:57:42] [clean] REMOVED /Users/prashantkoirala/Library/Caches/SiriTTS (274.0MB)
[2026-03-01 22:57:42] [clean] REMOVED /Users/prashantkoirala/Library/Caches/Homebrew (1.62GB)
[2026-03-01 22:57:43] [clean] REMOVED /Users/prashantkoirala/Library/Caches/node-gyp (55.6MB)
[2026-03-01 22:57:43] [clean] REMOVED /Users/prashantkoirala/Library/Caches/io.sentry (4KB)
[2026-03-01 22:57:43] [clean] REMOVED /Users/prashantkoirala/Library/Caches/typescript (38.8MB)
[2026-03-01 22:57:43] [clean] REMOVED /Users/prashantkoirala/Library/Caches/GeoServices (66.6MB)
[2026-03-01 22:57:43] [clean] REMOVED /Users/prashantkoirala/Library/Caches/SentryCrash (12KB)
[2026-03-01 22:57:43] [clean] REMOVED /Users/prashantkoirala/Library/Caches/qBittorrent
[2026-03-01 22:57:43] [clean] FAILED /Users/prashantkoirala/Library/Caches/FamilyCircle (permission denied)
[2026-03-01 22:57:44] [clean] REMOVED /Users/prashantkoirala/Library/Caches/INSTALLATION (4KB)
[2026-03-01 22:57:44] [clean] REMOVED /Users/prashantkoirala/Library/Caches/JetPackCache (197KB)
[2026-03-01 22:57:44] [clean] REMOVED /Users/prashantkoirala/Library/Caches/MiniLauncher (82KB)
[2026-03-01 22:57:44] [clean] REMOVED /Users/prashantkoirala/Library/Caches/familycircled (348KB)
[2026-03-01 22:57:44] [clean] REMOVED /Users/prashantkoirala/Library/Caches/askpermissiond (250KB)
[2026-03-01 22:57:44] [clean] REMOVED /Users/prashantkoirala/Library/Caches/icloudmailagent (6.5MB)
[2026-03-01 22:57:44] [clean] REMOVED /Users/prashantkoirala/Library/Caches/dev.kdrag0n.MacVirt (156KB)
[2026-03-01 22:57:44] [clean] REMOVED /Users/prashantkoirala/Library/Caches/com.superultra.Homerow (127KB)
[2026-03-01 22:57:44] [clean] REMOVED /Users/prashantkoirala/Library/Caches/chrome_crashpad_handler (82KB)
[2026-03-01 22:57:44] [clean] REMOVED /Users/prashantkoirala/Library/Caches/com.github.GitHubClient (127KB)
[2026-03-01 22:57:44] [clean] REMOVED /Users/prashantkoirala/Library/Caches/com.google.GoogleUpdater (545KB)
[2026-03-01 22:57:44] [clean] REMOVED /Users/prashantkoirala/Library/Caches/com.postmanlabs.mac.ShipIt (12KB)
[2026-03-01 22:57:44] [clean] REMOVED /Users/prashantkoirala/Library/Caches/com.alienator88.Pearcleaner (2.6MB)
[2026-03-01 22:57:44] [clean] REMOVED /Users/prashantkoirala/Library/Caches/com.github.GitHubClient.ShipIt (8KB)
[2026-03-01 22:57:44] [clean] REMOVED /Users/prashantkoirala/Library/Caches/AAProfilePicture_9FA04D0C-06F0-46A1-97E9-744CAD6BE532.png (1.3MB)
[2026-03-01 22:57:44] [clean] SKIPPED /Users/prashantkoirala/Library/Logs/OneDrive (protected)
[2026-03-01 22:57:44] [clean] SKIPPED /Users/prashantkoirala/Library/Logs/com.apple.AMPLibraryAgent (protected)
[2026-03-01 22:57:44] [clean] SKIPPED /Users/prashantkoirala/Library/Logs/com.apple.CloudTelemetry (protected)
[2026-03-01 22:57:44] [clean] REMOVED /Users/prashantkoirala/Library/Logs/Zed (180KB)
[2026-03-01 22:57:44] [clean] REMOVED /Users/prashantkoirala/Library/Logs/Sync (176KB)
[2026-03-01 22:57:44] [clean] REMOVED /Users/prashantkoirala/Library/Logs/Baseband
[2026-03-01 22:57:44] [clean] REMOVED /Users/prashantkoirala/Library/Logs/Homebrew (12KB)
[2026-03-01 22:57:44] [clean] REMOVED /Users/prashantkoirala/Library/Logs/warp.log (33KB)
[2026-03-01 22:57:44] [clean] REMOVED /Users/prashantkoirala/Library/Logs/Assistant
[2026-03-01 22:57:44] [clean] REMOVED /Users/prashantkoirala/Library/Logs/DeviceLink (4KB)
[2026-03-01 22:57:45] [clean] REMOVED /Users/prashantkoirala/Library/Logs/fsck_hfs.log (4KB)
[2026-03-01 22:57:45] [clean] REMOVED /Users/prashantkoirala/Library/Logs/CrashReporter (12KB)
[2026-03-01 22:57:45] [clean] REMOVED /Users/prashantkoirala/Library/Logs/GitHub Desktop
[2026-03-01 22:57:45] [clean] REMOVED /Users/prashantkoirala/Library/Logs/SiriTTSService
[2026-03-01 22:57:45] [clean] REMOVED /Users/prashantkoirala/Library/Logs/DiagnosticReports (586KB)
[2026-03-01 22:57:45] [clean] REMOVED /Users/prashantkoirala/Library/Logs/PhotosSearch.aapbz (4KB)
[2026-03-01 22:57:45] [clean] REMOVED /Users/prashantkoirala/Library/Logs/PrivacyPreservingMeasurement
[2026-03-01 22:58:31] [clean] SKIPPED /Users/prashantkoirala/Library/Preferences/com.apple.recentitems.plist (protected)
[2026-03-01 22:58:31] [clean] SKIPPED /Users/prashantkoirala/Library/Caches/com.apple.photoanalysisd (protected)
[2026-03-01 22:58:31] [clean] SKIPPED /Users/prashantkoirala/Library/Caches/com.apple.akd (protected)
[2026-03-01 22:58:31] [clean] SKIPPED /Users/prashantkoirala/Library/Caches/com.apple.QuickLook.thumbnailcache (protected)
[2026-03-01 22:58:31] [clean] SKIPPED /Users/prashantkoirala/Library/Caches/com.apple.iconservices* (protected)
[2026-03-01 22:58:32] [clean] REMOVED /Users/prashantkoirala/Library/Application Support/CrashReporter/Python_F0321045-8749-5D8F-A401-0E479922487B.plist (4KB)
[2026-03-01 22:58:32] [clean] REMOVED /Users/prashantkoirala/Library/Application Support/CrashReporter/Font Book_F0321045-8749-5D8F-A401-0E479922487B.plist (4KB)
[2026-03-01 22:58:32] [clean] REMOVED /Users/prashantkoirala/Library/Application Support/CrashReporter/Discord_F0321045-8749-5D8F-A401-0E479922487B.plist (4KB)
[2026-03-01 22:58:32] [clean] REMOVED /Users/prashantkoirala/Library/Application Support/CrashReporter/Spotify Helper_F0321045-8749-5D8F-A401-0E479922487B.plist (4KB)
[2026-03-01 22:58:32] [clean] REMOVED /Users/prashantkoirala/Library/Application Support/CrashReporter/sharingd_F0321045-8749-5D8F-A401-0E479922487B.plist (4KB)
[2026-03-01 22:58:32] [clean] REMOVED /Users/prashantkoirala/Library/Application Support/CrashReporter/borders_F0321045-8749-5D8F-A401-0E479922487B.plist (4KB)
[2026-03-01 22:58:32] [clean] REMOVED /Users/prashantkoirala/Library/Application Support/CrashReporter/Postman_F0321045-8749-5D8F-A401-0E479922487B.plist (4KB)
[2026-03-01 22:58:32] [clean] REMOVED /Users/prashantkoirala/Library/Application Support/CrashReporter/Archive Utility_F0321045-8749-5D8F-A401-0E479922487B.plist (4KB)
[2026-03-01 22:58:32] [clean] REMOVED /Users/prashantkoirala/Library/Application Support/CrashReporter/Spotify_F0321045-8749-5D8F-A401-0E479922487B.plist (4KB)
[2026-03-01 22:58:32] [clean] REMOVED /Users/prashantkoirala/Library/Application Support/CrashReporter/Cursor_F0321045-8749-5D8F-A401-0E479922487B.plist (4KB)
[2026-03-01 22:58:32] [clean] REMOVED /Users/prashantkoirala/Library/Application Support/CrashReporter/Homerow_F0321045-8749-5D8F-A401-0E479922487B.plist (4KB)
[2026-03-01 22:58:32] [clean] REMOVED /Users/prashantkoirala/Library/Application Support/CrashReporter/Microsoft AutoUpdate_F0321045-8749-5D8F-A401-0E479922487B.plist (4KB)
[2026-03-01 22:58:32] [clean] REMOVED /Users/prashantkoirala/Library/Application Support/CrashReporter/Mail_F0321045-8749-5D8F-A401-0E479922487B.plist (4KB)
[2026-03-01 22:58:32] [clean] REMOVED /Users/prashantkoirala/Library/Application Support/CrashReporter/Preview_F0321045-8749-5D8F-A401-0E479922487B.plist (4KB)
[2026-03-01 22:58:32] [clean] REMOVED /Users/prashantkoirala/Library/Application Support/CrashReporter/zsh_F0321045-8749-5D8F-A401-0E479922487B.plist (4KB)
[2026-03-01 22:58:32] [clean] REMOVED /Users/prashantkoirala/Library/Application Support/CrashReporter/Safari_F0321045-8749-5D8F-A401-0E479922487B.plist (4KB)
[2026-03-01 22:58:32] [clean] REMOVED /Users/prashantkoirala/Library/Application Support/CrashReporter/DaVinci Resolve Welcome_F0321045-8749-5D8F-A401-0E479922487B.plist (4KB)
[2026-03-01 22:58:32] [clean] REMOVED /Users/prashantkoirala/Library/Application Support/CrashReporter/Microsoft Excel_F0321045-8749-5D8F-A401-0E479922487B.plist (4KB)
[2026-03-01 22:58:32] [clean] REMOVED /Users/prashantkoirala/Library/Application Support/CrashReporter/chromedriver_F0321045-8749-5D8F-A401-0E479922487B.plist (4KB)
[2026-03-01 22:58:32] [clean] REMOVED /Users/prashantkoirala/Library/Application Support/CrashReporter/VLC_F0321045-8749-5D8F-A401-0E479922487B.plist (4KB)
[2026-03-01 22:58:32] [clean] REMOVED /Users/prashantkoirala/Library/Application Support/CrashReporter/zed_F0321045-8749-5D8F-A401-0E479922487B.plist (4KB)
[2026-03-01 22:58:32] [clean] REMOVED /Users/prashantkoirala/Library/Application Support/CrashReporter/Google Drive_F0321045-8749-5D8F-A401-0E479922487B.plist (4KB)
[2026-03-01 22:58:32] [clean] REMOVED /Users/prashantkoirala/Library/Application Support/com.apple.wallpaper/aerials/videos/4C108785-A7BA-422E-9C79-B0129F1D5550.mov (467.0MB)
[2026-03-01 22:58:35] [clean] SKIPPED /Users/prashantkoirala/Library/Containers/com.apple.wallpaper.agent/Data/Library/Caches/com.apple.wallpaper.caches (protected)
[2026-03-01 22:58:35] [clean] SKIPPED /Users/prashantkoirala/Library/Containers/com.apple.mediaanalysisd/Data/Library/Caches/PFSceneGeographyData.index (protected)
[2026-03-01 22:58:35] [clean] SKIPPED /Users/prashantkoirala/Library/Containers/com.apple.mediaanalysisd/Data/Library/Caches/PFSceneTaxonomyData.index (protected)
[2026-03-01 22:58:35] [clean] SKIPPED /Users/prashantkoirala/Library/Containers/com.apple.mediaanalysisd/Data/Library/Caches/com.apple.HomeKit (protected)
[2026-03-01 22:58:35] [clean] SKIPPED /Users/prashantkoirala/Library/Containers/com.apple.mediaanalysisd/Data/Library/Caches/com.apple.mediaanalysisd (protected)
[2026-03-01 22:58:35] [clean] SKIPPED /Users/prashantkoirala/Library/Containers/com.apple.AppStore/Data/Library/Caches/* (protected)
[2026-03-01 22:58:39] [clean] REMOVED /Users/prashantkoirala/Library/Group Containers/group.net.whatsapp.WhatsApp.shared/Logs/WhatsApp_2 (31.3MB)
[2026-03-01 22:58:40] [clean] REMOVED /Users/prashantkoirala/Library/Group Containers/group.net.whatsapp.WhatsApp.shared/Logs/WAAppKitBridgeService_2
[2026-03-01 22:58:40] [clean] REMOVED /Users/prashantkoirala/Library/Group Containers/group.net.whatsapp.WhatsApp.shared/Logs/ServiceExtension_2 (1.5MB)
[2026-03-01 22:58:40] [clean] REMOVED /Users/prashantkoirala/Library/Group Containers/group.net.whatsapp.WhatsApp.shared/Logs/Intents_2 (8KB)
[2026-03-01 22:58:40] [clean] REMOVED /Users/prashantkoirala/Library/Group Containers/group.net.whatsapp.WhatsApp.shared/Library/Caches/LocalKeyValue-locks
[2026-03-01 22:58:40] [clean] REMOVED /Users/prashantkoirala/Library/Group Containers/group.net.whatsapp.WhatsApp.shared/Library/Caches/MediaStreaming
[2026-03-01 22:58:40] [clean] REMOVED /Users/prashantkoirala/Library/Group Containers/group.net.whatsapp.WhatsApp.shared/Library/Caches/MediaDownload
[2026-03-01 22:58:40] [clean] REMOVED /Users/prashantkoirala/Library/Group Containers/group.net.whatsapp.WhatsApp.shared/Library/Caches/AnimatedEmojis (1.5MB)
[2026-03-01 22:58:40] [clean] REMOVED /Users/prashantkoirala/Library/Group Containers/group.net.whatsapp.WhatsApp.shared/Library/Caches/coinflip
[2026-03-01 22:58:42] [clean] REMOVED /Users/prashantkoirala/Library/Application Support/Google/Chrome/Default/GPUCache/index (266KB)
[2026-03-01 22:58:42] [clean] REMOVED /Users/prashantkoirala/Library/Application Support/Google/Chrome/Default/GPUCache/data_0 (45KB)
[2026-03-01 22:58:42] [clean] REMOVED /Users/prashantkoirala/Library/Application Support/Google/Chrome/Default/GPUCache/data_1 (270KB)
[2026-03-01 22:58:42] [clean] REMOVED /Users/prashantkoirala/Library/Application Support/Google/Chrome/Default/GPUCache/data_2 (1.1MB)
[2026-03-01 22:58:42] [clean] REMOVED /Users/prashantkoirala/Library/Application Support/Google/Chrome/Default/GPUCache/data_3 (4.2MB)
[2026-03-01 22:58:42] [clean] REMOVED /Users/prashantkoirala/Library/Application Support/Google/Chrome/Profile 1/GPUCache/index (266KB)
[2026-03-01 22:58:42] [clean] REMOVED /Users/prashantkoirala/Library/Application Support/Google/Chrome/Profile 5/GPUCache/index (266KB)
[2026-03-01 22:58:42] [clean] REMOVED /Users/prashantkoirala/Library/Application Support/Google/Chrome/Profile 8/GPUCache/index (266KB)
[2026-03-01 22:58:42] [clean] REMOVED /Users/prashantkoirala/Library/Application Support/Google/Chrome/Profile 9/GPUCache/index (266KB)
[2026-03-01 22:58:42] [clean] REMOVED /Users/prashantkoirala/Library/Application Support/Google/Chrome/Default/GPUCache/f_000007 (29KB)
[2026-03-01 22:58:42] [clean] REMOVED /Users/prashantkoirala/Library/Application Support/Google/Chrome/Default/GPUCache/f_000008 (29KB)
[2026-03-01 22:58:42] [clean] REMOVED /Users/prashantkoirala/Library/Application Support/Google/Chrome/Default/GPUCache/f_000009 (25KB)
[2026-03-01 22:58:42] [clean] REMOVED /Users/prashantkoirala/Library/Application Support/Google/Chrome/Default/GPUCache/f_00000a (20KB)
[2026-03-01 22:58:42] [clean] REMOVED /Users/prashantkoirala/Library/Application Support/Google/Chrome/Default/GPUCache/f_00000b (20KB)
[2026-03-01 22:58:42] [clean] REMOVED /Users/prashantkoirala/Library/Application Support/Google/Chrome/Default/GPUCache/f_00000c (20KB)
[2026-03-01 22:58:42] [clean] REMOVED /Users/prashantkoirala/Library/Application Support/Google/Chrome/Default/GPUCache/f_00000d (20KB)
[2026-03-01 22:58:42] [clean] REMOVED /Users/prashantkoirala/Library/Application Support/Google/Chrome/Default/GPUCache/f_00000e (20KB)
[2026-03-01 22:58:42] [clean] REMOVED /Users/prashantkoirala/Library/Application Support/Google/Chrome/Default/GPUCache/f_00000f (20KB)
[2026-03-01 22:58:42] [clean] REMOVED /Users/prashantkoirala/Library/Application Support/Google/Chrome/Default/GPUCache/f_000010 (20KB)
[2026-03-01 22:58:42] [clean] REMOVED /Users/prashantkoirala/Library/Application Support/Google/Chrome/Default/GPUCache/f_000011 (20KB)
[2026-03-01 22:58:42] [clean] REMOVED /Users/prashantkoirala/Library/Application Support/Google/Chrome/Default/GPUCache/f_000012 (20KB)
[2026-03-01 22:58:42] [clean] REMOVED /Users/prashantkoirala/Library/Application Support/Google/Chrome/Default/GPUCache/f_000013 (20KB)
[2026-03-01 22:58:42] [clean] REMOVED /Users/prashantkoirala/Library/Application Support/Google/Chrome/Profile 1/GPUCache/data_0 (8KB)
[2026-03-01 22:58:42] [clean] REMOVED /Users/prashantkoirala/Library/Application Support/Google/Chrome/Profile 1/GPUCache/data_1 (270KB)
[2026-03-01 22:58:42] [clean] REMOVED /Users/prashantkoirala/Library/Application Support/Google/Chrome/Profile 1/GPUCache/data_2 (8KB)
[2026-03-01 22:58:42] [clean] REMOVED /Users/prashantkoirala/Library/Application Support/Google/Chrome/Profile 1/GPUCache/data_3 (8KB)
[2026-03-01 22:58:43] [clean] REMOVED /Users/prashantkoirala/Library/Application Support/Google/Chrome/Profile 10/GPUCache/index (266KB)
[2026-03-01 22:58:43] [clean] REMOVED /Users/prashantkoirala/Library/Application Support/Google/Chrome/Profile 12/GPUCache/index (266KB)
[2026-03-01 22:58:43] [clean] REMOVED /Users/prashantkoirala/Library/Application Support/Google/Chrome/Profile 13/GPUCache/index (266KB)
[2026-03-01 22:58:43] [clean] REMOVED /Users/prashantkoirala/Library/Application Support/Google/Chrome/Profile 15/GPUCache/index (266KB)
[2026-03-01 22:58:43] [clean] REMOVED /Users/prashantkoirala/Library/Application Support/Google/Chrome/Profile 16/GPUCache/index (266KB)
[2026-03-01 22:58:43] [clean] REMOVED /Users/prashantkoirala/Library/Application Support/Google/Chrome/Profile 17/GPUCache/index (266KB)
[2026-03-01 22:58:43] [clean] REMOVED /Users/prashantkoirala/Library/Application Support/Google/Chrome/Profile 5/GPUCache/data_0 (45KB)
[2026-03-01 22:58:43] [clean] REMOVED /Users/prashantkoirala/Library/Application Support/Google/Chrome/Profile 5/GPUCache/data_1 (270KB)
[2026-03-01 22:58:43] [clean] REMOVED /Users/prashantkoirala/Library/Application Support/Google/Chrome/Profile 5/GPUCache/data_2 (1.1MB)
[2026-03-01 22:58:43] [clean] REMOVED /Users/prashantkoirala/Library/Application Support/Google/Chrome/Profile 5/GPUCache/data_3 (8KB)
[2026-03-01 22:58:43] [clean] REMOVED /Users/prashantkoirala/Library/Application Support/Google/Chrome/Profile 8/GPUCache/data_0 (8KB)
[2026-03-01 22:58:43] [clean] REMOVED /Users/prashantkoirala/Library/Application Support/Google/Chrome/Profile 8/GPUCache/data_1 (270KB)
[2026-03-01 22:58:43] [clean] REMOVED /Users/prashantkoirala/Library/Application Support/Google/Chrome/Profile 8/GPUCache/data_2 (8KB)
[2026-03-01 22:58:43] [clean] REMOVED /Users/prashantkoirala/Library/Application Support/Google/Chrome/Profile 8/GPUCache/data_3 (8KB)
[2026-03-01 22:58:43] [clean] REMOVED /Users/prashantkoirala/Library/Application Support/Google/Chrome/Profile 9/GPUCache/data_0 (8KB)
[2026-03-01 22:58:43] [clean] REMOVED /Users/prashantkoirala/Library/Application Support/Google/Chrome/Profile 9/GPUCache/data_1 (270KB)
[2026-03-01 22:58:43] [clean] REMOVED /Users/prashantkoirala/Library/Application Support/Google/Chrome/Profile 9/GPUCache/data_2 (8KB)
[2026-03-01 22:58:43] [clean] REMOVED /Users/prashantkoirala/Library/Application Support/Google/Chrome/Profile 9/GPUCache/data_3 (8KB)
[2026-03-01 22:58:43] [clean] REMOVED /Users/prashantkoirala/Library/Application Support/Google/Chrome/Profile 10/GPUCache/data_0 (8KB)
[2026-03-01 22:58:43] [clean] REMOVED /Users/prashantkoirala/Library/Application Support/Google/Chrome/Profile 10/GPUCache/data_1 (270KB)
[2026-03-01 22:58:43] [clean] REMOVED /Users/prashantkoirala/Library/Application Support/Google/Chrome/Profile 10/GPUCache/data_2 (8KB)
[2026-03-01 22:58:43] [clean] REMOVED /Users/prashantkoirala/Library/Application Support/Google/Chrome/Profile 10/GPUCache/data_3 (8KB)
[2026-03-01 22:58:43] [clean] REMOVED /Users/prashantkoirala/Library/Application Support/Google/Chrome/Profile 12/GPUCache/data_0 (45KB)
[2026-03-01 22:58:43] [clean] REMOVED /Users/prashantkoirala/Library/Application Support/Google/Chrome/Profile 12/GPUCache/data_1 (270KB)
[2026-03-01 22:58:43] [clean] REMOVED /Users/prashantkoirala/Library/Application Support/Google/Chrome/Profile 12/GPUCache/data_2 (1.1MB)
[2026-03-01 22:58:43] [clean] REMOVED /Users/prashantkoirala/Library/Application Support/Google/Chrome/Profile 12/GPUCache/data_3 (4.2MB)
[2026-03-01 22:58:43] [clean] REMOVED /Users/prashantkoirala/Library/Application Support/Google/Chrome/Profile 13/GPUCache/data_0 (8KB)
[2026-03-01 22:58:43] [clean] REMOVED /Users/prashantkoirala/Library/Application Support/Google/Chrome/Profile 13/GPUCache/data_1 (270KB)
[2026-03-01 22:58:43] [clean] REMOVED /Users/prashantkoirala/Library/Application Support/Google/Chrome/Profile 13/GPUCache/data_2 (8KB)
[2026-03-01 22:58:43] [clean] REMOVED /Users/prashantkoirala/Library/Application Support/Google/Chrome/Profile 13/GPUCache/data_3 (8KB)
[2026-03-01 22:58:43] [clean] REMOVED /Users/prashantkoirala/Library/Application Support/Google/Chrome/Profile 15/GPUCache/data_0 (45KB)
[2026-03-01 22:58:43] [clean] REMOVED /Users/prashantkoirala/Library/Application Support/Google/Chrome/Profile 15/GPUCache/data_1 (270KB)
[2026-03-01 22:58:43] [clean] REMOVED /Users/prashantkoirala/Library/Application Support/Google/Chrome/Profile 15/GPUCache/data_2 (1.1MB)
[2026-03-01 22:58:43] [clean] REMOVED /Users/prashantkoirala/Library/Application Support/Google/Chrome/Profile 15/GPUCache/data_3 (4.2MB)
[2026-03-01 22:58:43] [clean] REMOVED /Users/prashantkoirala/Library/Application Support/Google/Chrome/Profile 16/GPUCache/data_0 (8KB)
[2026-03-01 22:58:43] [clean] REMOVED /Users/prashantkoirala/Library/Application Support/Google/Chrome/Profile 16/GPUCache/data_1 (270KB)
[2026-03-01 22:58:43] [clean] REMOVED /Users/prashantkoirala/Library/Application Support/Google/Chrome/Profile 16/GPUCache/data_2 (8KB)
[2026-03-01 22:58:43] [clean] REMOVED /Users/prashantkoirala/Library/Application Support/Google/Chrome/Profile 16/GPUCache/data_3 (8KB)
[2026-03-01 22:58:43] [clean] REMOVED /Users/prashantkoirala/Library/Application Support/Google/Chrome/Profile 17/GPUCache/data_0 (45KB)
[2026-03-01 22:58:43] [clean] REMOVED /Users/prashantkoirala/Library/Application Support/Google/Chrome/Profile 17/GPUCache/data_1 (270KB)
[2026-03-01 22:58:43] [clean] REMOVED /Users/prashantkoirala/Library/Application Support/Google/Chrome/Profile 17/GPUCache/data_2 (1.1MB)
[2026-03-01 22:58:43] [clean] REMOVED /Users/prashantkoirala/Library/Application Support/Google/Chrome/Profile 17/GPUCache/data_3 (8KB)
[2026-03-01 22:58:44] [clean] REMOVED /Users/prashantkoirala/Library/Application Support/Google/Chrome/component_crx_cache/metadata.json (4KB)
[2026-03-01 22:58:44] [clean] REMOVED /Users/prashantkoirala/Library/Application Support/Google/Chrome/component_crx_cache/06476966b53bdd9b749120d0b45e39b44bf04d5bb0cce055ea69a450bdd6a503 (16KB)
[2026-03-01 22:58:44] [clean] REMOVED /Users/prashantkoirala/Library/Application Support/Google/Chrome/component_crx_cache/2a802a9eb0c004acd70c6f4a5cc5cc608df57dd3d13d54eb43e3f68d0b0c40f9 (22.9MB)
[2026-03-01 22:58:44] [clean] REMOVED /Users/prashantkoirala/Library/Application Support/Google/Chrome/component_crx_cache/2be74d0afadd4c9b2ee33695e1f81fc5ce5dc3016cd8a13cfa0e1f0b571834ea (4KB)
[2026-03-01 22:58:44] [clean] REMOVED /Users/prashantkoirala/Library/Application Support/Google/Chrome/component_crx_cache/38c89b12bb20a8f2751c9c7cd2e31c173a47af08c115e1ecccc2f5151a2cf2c6 (12KB)
[2026-03-01 22:58:44] [clean] REMOVED /Users/prashantkoirala/Library/Application Support/Google/Chrome/component_crx_cache/3eb16d6c28b502ac4cfee8f4a148df05f4d93229fa36a71db8b08d06329ff18a (8KB)
[2026-03-01 22:58:44] [clean] REMOVED /Users/prashantkoirala/Library/Application Support/Google/Chrome/component_crx_cache/4a06cfbce6f26c81ec6cba52e84985c0111183e0b06a953b14992b4511bb78af (41KB)
[2026-03-01 22:58:44] [clean] REMOVED /Users/prashantkoirala/Library/Application Support/Google/Chrome/component_crx_cache/545666a4efd056351597bb386aea1368105ededc976ed5650d8682daab9f37ff (881KB)
[2026-03-01 22:58:44] [clean] REMOVED /Users/prashantkoirala/Library/Application Support/Google/Chrome/component_crx_cache/56c21927faa028be6ce18c931660eec37e41da4bfbfd47cafa48350f828c0dbd (20KB)
[2026-03-01 22:58:44] [clean] REMOVED /Users/prashantkoirala/Library/Application Support/Google/Chrome/component_crx_cache/751c8bf8572842be0cbff863756d425473e3b105ee8417ea4a262444f9708d81 (393KB)
[2026-03-01 22:58:44] [clean] REMOVED /Users/prashantkoirala/Library/Application Support/Google/Chrome/component_crx_cache/777adca19ccaca03f3922fa618833704d1a2cf1a06cd4ec1e257d4494afb2b95 (184KB)
[2026-03-01 22:58:44] [clean] REMOVED /Users/prashantkoirala/Library/Application Support/Google/Chrome/component_crx_cache/7b05c14dba04ed522210b733f004cb0e74d7679a653b19bd029f9bc0e6b19903 (16KB)
[2026-03-01 22:58:44] [clean] REMOVED /Users/prashantkoirala/Library/Application Support/Google/Chrome/component_crx_cache/8644f20667fe915d56ae991bb49c911fe34ef3c170f1b3f4f5864719fceb617e (725KB)
[2026-03-01 22:58:44] [clean] REMOVED /Users/prashantkoirala/Library/Application Support/Google/Chrome/component_crx_cache/9bec6c2c0185d3305ac8495047a1aa01e725d58f8f18d219742a2988f07cd93a (193KB)
[2026-03-01 22:58:44] [clean] REMOVED /Users/prashantkoirala/Library/Application Support/Google/Chrome/component_crx_cache/9f157bd09a986baa46110a0acb7e3d7407208e58d02250c637902962e5ed2c5e (12KB)
[2026-03-01 22:58:44] [clean] REMOVED /Users/prashantkoirala/Library/Application Support/Google/Chrome/component_crx_cache/abd93867c038d4d17c101ace2226d7e21303d984d7097271392bae6be478495b (8KB)
[2026-03-01 22:58:44] [clean] REMOVED /Users/prashantkoirala/Library/Application Support/Google/Chrome/component_crx_cache/b7ec18c6727aae147cb846a4be35d927ea5b3560833245332779a49e1d3e2464 (7.9MB)
[2026-03-01 22:58:45] [clean] REMOVED /Users/prashantkoirala/Library/Application Support/Google/Chrome/component_crx_cache/bfd5320ea5fc06ab4dc7373dcc61f029d8b6c1b014acfa1824c59748b8ff1dd9 (45KB)
[2026-03-01 22:58:45] [clean] REMOVED /Users/prashantkoirala/Library/Application Support/Google/Chrome/component_crx_cache/d2088ad807ca285986481a76f72f7e96b3ccdf11b18bc4e00fb79b7dbcb1ee2e (467KB)
[2026-03-01 22:58:45] [clean] REMOVED /Users/prashantkoirala/Library/Application Support/Google/Chrome/component_crx_cache/d9c2b1651d4f1f42694a8a5ab09f9c5fcf25bc28e3a0b95ac288ed5af6b35c27 (128.6MB)
[2026-03-01 22:58:45] [clean] REMOVED /Users/prashantkoirala/Library/Application Support/Google/Chrome/component_crx_cache/f8929f38e4311c5717f1a0d4a0bc4fb0277329557a1a5aecb93317808669ba4f (741KB)
[2026-03-01 22:58:45] [clean] REMOVED /Users/prashantkoirala/Library/Application Support/Google/GoogleUpdater/crx_cache/metadata.json (4KB)
[2026-03-01 22:58:45] [clean] REMOVED /Users/prashantkoirala/Library/Application Support/Google/GoogleUpdater/crx_cache/04dfaacddb061d13db2e0b2de535d5977d035fdce5cf2e770f00ac3b19dcb2df (690.5MB)
[2026-03-01 22:58:45] [clean] REMOVED /Users/prashantkoirala/Library/Application Support/Google/GoogleUpdater/crx_cache/81e4640019d6b0ecdd1485238b982f494783a5f6ae33d144965de967ce70c6c5 (25.1MB)
[2026-03-01 22:58:45] [clean] REMOVED /Users/prashantkoirala/Library/Application Support/Google/GoogleUpdater/updater.log.old (1.1MB)
[2026-03-01 22:58:45] [clean] REMOVED /Users/prashantkoirala/Library/Application Support/Google/GoogleUpdater/updater_history.jsonl.old (1.1MB)
[2026-03-01 22:58:45] [clean] SKIPPED /Users/prashantkoirala/Library/Caches/com.dropbox.* (protected)
[2026-03-01 22:58:45] [clean] SKIPPED /Users/prashantkoirala/Library/Caches/com.getdropbox.dropbox (protected)
[2026-03-01 22:58:45] [clean] SKIPPED /Users/prashantkoirala/Library/Caches/com.google.GoogleDrive (protected)
[2026-03-01 22:58:45] [clean] SKIPPED /Users/prashantkoirala/Library/Caches/com.box.desktop (protected)
[2026-03-01 22:58:45] [clean] SKIPPED /Users/prashantkoirala/Library/Caches/com.microsoft.OneDrive (protected)
[2026-03-01 22:58:45] [clean] SKIPPED /Users/prashantkoirala/Library/Caches/com.microsoft.Word (protected)
[2026-03-01 22:58:45] [clean] SKIPPED /Users/prashantkoirala/Library/Caches/com.microsoft.Excel (protected)
[2026-03-01 22:58:45] [clean] SKIPPED /Users/prashantkoirala/Library/Caches/com.microsoft.Powerpoint (protected)
[2026-03-01 22:58:45] [clean] SKIPPED /Users/prashantkoirala/Library/Caches/com.apple.iWork.* (protected)
[2026-03-01 22:58:50] [clean] REMOVED /Users/prashantkoirala/.npm/_npx/16684dbf41d9f438 (53.1MB)
[2026-03-01 22:58:50] [clean] REMOVED /Users/prashantkoirala/.npm/_npx/1d6e82a4126006c4 (33KB)
[2026-03-01 22:58:50] [clean] REMOVED /Users/prashantkoirala/.npm/_npx/1e2af0374e21447c (25KB)
[2026-03-01 22:58:50] [clean] REMOVED /Users/prashantkoirala/.npm/_npx/ac0ed6aa23b37c1e (758KB)
[2026-03-01 22:58:50] [clean] REMOVED /Users/prashantkoirala/.npm/_npx/bc7e1e37fcb46ffc (52.0MB)
[2026-03-01 22:58:50] [clean] REMOVED /Users/prashantkoirala/.npm/_npx/cc2145a2fe1558fa (1.8MB)
[2026-03-01 22:58:51] [clean] REMOVED /Users/prashantkoirala/.npm/_logs/2026-02-26T07_05_40_855Z-debug-0.log (4KB)
[2026-03-01 22:58:51] [clean] REMOVED /Users/prashantkoirala/.npm/_logs/2026-02-26T07_11_36_123Z-debug-0.log (16KB)
[2026-03-01 22:58:51] [clean] REMOVED /Users/prashantkoirala/.npm/_logs/2026-02-26T13_20_51_911Z-debug-0.log (16KB)
[2026-03-01 22:58:51] [clean] REMOVED /Users/prashantkoirala/.npm/_logs/2026-02-26T15_31_54_912Z-debug-0.log (4KB)
[2026-03-01 22:58:51] [clean] REMOVED /Users/prashantkoirala/.npm/_logs/2026-02-26T16_29_46_789Z-debug-0.log (4KB)
[2026-03-01 22:58:51] [clean] REMOVED /Users/prashantkoirala/.npm/_logs/2026-02-26T17_00_20_436Z-debug-0.log (16KB)
[2026-03-01 22:58:51] [clean] REMOVED /Users/prashantkoirala/.npm/_logs/2026-03-01T03_06_38_826Z-debug-0.log (4KB)
[2026-03-01 22:58:51] [clean] REMOVED /Users/prashantkoirala/.npm/_logs/2026-03-01T07_43_48_393Z-debug-0.log (4KB)
[2026-03-01 22:58:51] [clean] REMOVED /Users/prashantkoirala/.npm/_logs/2026-03-01T14_32_30_931Z-debug-0.log (4KB)
[2026-03-01 22:58:51] [clean] REMOVED /Users/prashantkoirala/.npm/_logs/2026-03-01T15_07_52_121Z-debug-0.log (4KB)
[2026-03-01 22:58:51] [clean] REMOVED /Users/prashantkoirala/.npm/_logs/2026-03-01T17_13_46_023Z-debug-0.log (4KB)
[2026-03-01 22:58:51] [clean] REMOVED /Users/prashantkoirala/.npm/_logs/2026-03-01T17_13_47_638Z-debug-0.log (4KB)
[2026-03-01 22:58:51] [clean] REMOVED /Users/prashantkoirala/.npm/_logs/2025-12-24T06_37_39_977Z-eresolve-report.txt (4KB)
[2026-03-01 22:58:51] [clean] REMOVED /Users/prashantkoirala/.npm/_logs/2025-12-24T06_42_22_224Z-eresolve-report.txt (4KB)
[2026-03-01 22:58:51] [clean] REMOVED /Users/prashantkoirala/.npm/_logs/2025-12-24T12_17_42_293Z-eresolve-report.txt (4KB)
[2026-03-01 22:58:51] [clean] REMOVED /Users/prashantkoirala/.npm/_logs/2026-01-01T13_29_49_721Z-eresolve-report.txt (4KB)
[2026-03-01 22:58:51] [clean] REMOVED /Users/prashantkoirala/.npm/_logs/2026-01-01T16_00_49_501Z-eresolve-report.txt (4KB)
[2026-03-01 22:58:51] [clean] REMOVED /Users/prashantkoirala/.npm/_logs/2026-01-03T14_57_23_375Z-eresolve-report.txt (4KB)
[2026-03-01 22:58:51] [clean] REMOVED /Users/prashantkoirala/.npm/_logs/2026-01-03T14_58_03_486Z-eresolve-report.txt (4KB)
[2026-03-01 22:58:51] [clean] REMOVED /Users/prashantkoirala/.npm/_logs/2026-01-25T16_45_40_208Z-eresolve-report.txt (4KB)
[2026-03-01 22:58:51] [clean] REMOVED /Users/prashantkoirala/.npm/_logs/2026-01-25T16_45_44_326Z-eresolve-report.txt (4KB)
[2026-03-01 22:58:51] [clean] REMOVED /Users/prashantkoirala/.npm/_logs/2026-02-19T13_50_07_365Z-eresolve-report.txt (8KB)
[2026-03-01 22:58:51] [clean] REMOVED /Users/prashantkoirala/.npm/_logs/2026-02-22T12_06_04_570Z-eresolve-report.txt (8KB)
[2026-03-01 22:58:51] [clean] REMOVED /Users/prashantkoirala/.npm/_logs/2026-02-22T12_06_38_195Z-eresolve-report.txt (4KB)
[2026-03-01 22:58:51] [clean] REMOVED /Users/prashantkoirala/.npm/_prebuilds/56f3de-sharp-v0.32.4-napi-v7-darwin-arm64.tar.gz (94KB)
[2026-03-01 22:58:57] [clean] REMOVED /Users/prashantkoirala/Library/pnpm/store/v10
[2026-03-01 22:59:01] [clean] REMOVED /Users/prashantkoirala/.bun/install/cache/ajv
[2026-03-01 22:59:01] [clean] REMOVED /Users/prashantkoirala/.bun/install/cache/ret
[2026-03-01 22:59:01] [clean] REMOVED /Users/prashantkoirala/.bun/install/cache/zod
[2026-03-01 22:59:01] [clean] REMOVED /Users/prashantkoirala/.bun/install/cache/hono
[2026-03-01 22:59:01] [clean] REMOVED /Users/prashantkoirala/.bun/install/cache/jose
[2026-03-01 22:59:01] [clean] REMOVED /Users/prashantkoirala/.bun/install/cache/open
[2026-03-01 22:59:01] [clean] REMOVED /Users/prashantkoirala/.bun/install/cache/pino
[2026-03-01 22:59:01] [clean] REMOVED /Users/prashantkoirala/.bun/install/cache/rfdc
[2026-03-01 22:59:01] [clean] REMOVED /Users/prashantkoirala/.bun/install/cache/avvio
[2026-03-01 22:59:01] [clean] REMOVED /Users/prashantkoirala/.bun/install/cache/fastq
[2026-03-01 22:59:01] [clean] REMOVED /Users/prashantkoirala/.bun/install/cache/arctic
[2026-03-01 22:59:01] [clean] REMOVED /Users/prashantkoirala/.bun/install/cache/cookie
[2026-03-01 22:59:01] [clean] REMOVED /Users/prashantkoirala/.bun/install/cache/dequal
[2026-03-01 22:59:01] [clean] REMOVED /Users/prashantkoirala/.bun/install/cache/is-wsl
[2026-03-01 22:59:01] [clean] REMOVED /Users/prashantkoirala/.bun/install/cache/semver
[2026-03-01 22:59:01] [clean] REMOVED /Users/prashantkoirala/.bun/install/cache/split2
[2026-03-01 22:59:01] [clean] REMOVED /Users/prashantkoirala/.bun/install/cache/@gitlab (168KB)
[2026-03-01 22:59:01] [clean] REMOVED /Users/prashantkoirala/.bun/install/cache/@lukeed (29KB)
[2026-03-01 22:59:01] [clean] REMOVED /Users/prashantkoirala/.bun/install/cache/@oslojs (516KB)
[2026-03-01 22:59:01] [clean] REMOVED /Users/prashantkoirala/.bun/install/cache/@pinojs (143KB)
[2026-03-01 22:59:01] [clean] REMOVED /Users/prashantkoirala/.bun/install/cache/fastify
[2026-03-01 22:59:01] [clean] REMOVED /Users/prashantkoirala/.bun/install/cache/reusify
[2026-03-01 22:59:01] [clean] REMOVED /Users/prashantkoirala/.bun/install/cache/@fastify (905KB)
[2026-03-01 22:59:01] [clean] REMOVED /Users/prashantkoirala/.bun/install/cache/fast-uri
[2026-03-01 22:59:01] [clean] REMOVED /Users/prashantkoirala/.bun/install/cache/aws4fetch
[2026-03-01 22:59:01] [clean] REMOVED /Users/prashantkoirala/.bun/install/cache/ipaddr.js
[2026-03-01 22:59:01] [clean] REMOVED /Users/prashantkoirala/.bun/install/cache/is-docker
[2026-03-01 22:59:01] [clean] REMOVED /Users/prashantkoirala/.bun/install/cache/wsl-utils
[2026-03-01 22:59:01] [clean] REMOVED /Users/prashantkoirala/.bun/install/cache/sonic-boom
[2026-03-01 22:59:01] [clean] REMOVED /Users/prashantkoirala/.bun/install/cache/toad-cache
[2026-03-01 22:59:01] [clean] REMOVED /Users/prashantkoirala/.bun/install/cache/@openauthjs (922KB)
[2026-03-01 22:59:01] [clean] REMOVED /Users/prashantkoirala/.bun/install/cache/ajv-formats
[2026-03-01 22:59:01] [clean] REMOVED /Users/prashantkoirala/.bun/install/cache/bundle-name
[2026-03-01 22:59:01] [clean] REMOVED /Users/prashantkoirala/.bun/install/cache/find-my-way
[2026-03-01 22:59:01] [clean] REMOVED /Users/prashantkoirala/.bun/install/cache/safe-regex2
[2026-03-01 22:59:02] [clean] REMOVED /Users/prashantkoirala/.bun/install/cache/@opencode-ai (2.8MB)
[2026-03-01 22:59:02] [clean] REMOVED /Users/prashantkoirala/.bun/install/cache/atomic-sleep
[2026-03-01 22:59:02] [clean] REMOVED /Users/prashantkoirala/.bun/install/cache/real-require
[2026-03-01 22:59:02] [clean] REMOVED /Users/prashantkoirala/.bun/install/cache/ret@0.5.0@@@1 (176KB)
[2026-03-01 22:59:02] [clean] REMOVED /Users/prashantkoirala/.bun/install/cache/thread-stream
[2026-03-01 22:59:02] [clean] REMOVED /Users/prashantkoirala/.bun/install/cache/zod@4.1.8@@@1 (5.8MB)
[2026-03-01 22:59:02] [clean] REMOVED /Users/prashantkoirala/.bun/install/cache/ajv@8.18.0@@@1 (2.4MB)
[2026-03-01 22:59:02] [clean] REMOVED /Users/prashantkoirala/.bun/install/cache/fastify-plugin
[2026-03-01 22:59:02] [clean] REMOVED /Users/prashantkoirala/.bun/install/cache/jose@5.9.6@@@1 (1.4MB)
[2026-03-01 22:59:02] [clean] REMOVED /Users/prashantkoirala/.bun/install/cache/rfdc@1.4.1@@@1 (53KB)
[2026-03-01 22:59:02] [clean] REMOVED /Users/prashantkoirala/.bun/install/cache/avvio@9.2.0@@@1 (401KB)
[2026-03-01 22:59:02] [clean] REMOVED /Users/prashantkoirala/.bun/install/cache/default-browser
[2026-03-01 22:59:02] [clean] REMOVED /Users/prashantkoirala/.bun/install/cache/fast-deep-equal
[2026-03-01 22:59:02] [clean] REMOVED /Users/prashantkoirala/.bun/install/cache/hono@4.11.9@@@1 (2.7MB)
[2026-03-01 22:59:02] [clean] REMOVED /Users/prashantkoirala/.bun/install/cache/open@10.2.0@@@1 (70KB)
[2026-03-01 22:59:02] [clean] REMOVED /Users/prashantkoirala/.bun/install/cache/pino@10.3.1@@@1 (1.2MB)
[2026-03-01 22:59:02] [clean] REMOVED /Users/prashantkoirala/.bun/install/cache/process-warning
[2026-03-01 22:59:02] [clean] REMOVED /Users/prashantkoirala/.bun/install/cache/run-applescript
[2026-03-01 22:59:02] [clean] REMOVED /Users/prashantkoirala/.bun/install/cache/@standard-schema (37KB)
[2026-03-01 22:59:02] [clean] REMOVED /Users/prashantkoirala/.bun/install/cache/abstract-logging
[2026-03-01 22:59:02] [clean] REMOVED /Users/prashantkoirala/.bun/install/cache/arctic@2.3.4@@@1 (492KB)
[2026-03-01 22:59:02] [clean] REMOVED /Users/prashantkoirala/.bun/install/cache/cookie@1.1.1@@@1 (70KB)
[2026-03-01 22:59:02] [clean] REMOVED /Users/prashantkoirala/.bun/install/cache/define-lazy-prop
[2026-03-01 22:59:02] [clean] REMOVED /Users/prashantkoirala/.bun/install/cache/dequal@2.0.3@@@1 (49KB)
[2026-03-01 22:59:02] [clean] REMOVED /Users/prashantkoirala/.bun/install/cache/fast-querystring
[2026-03-01 22:59:02] [clean] REMOVED /Users/prashantkoirala/.bun/install/cache/fastq@1.20.1@@@1 (86KB)
[2026-03-01 22:59:02] [clean] REMOVED /Users/prashantkoirala/.bun/install/cache/is-wsl@3.1.1@@@1 (20KB)
[2026-03-01 22:59:02] [clean] REMOVED /Users/prashantkoirala/.bun/install/cache/semver@7.7.4@@@1 (270KB)
[2026-03-01 22:59:02] [clean] REMOVED /Users/prashantkoirala/.bun/install/cache/split2@4.2.0@@@1 (29KB)
[2026-03-01 22:59:03] [clean] REMOVED /Users/prashantkoirala/.bun/install/cache/fastify@5.7.4@@@1 (3.6MB)
[2026-03-01 22:59:03] [clean] REMOVED /Users/prashantkoirala/.bun/install/cache/on-exit-leak-free
[2026-03-01 22:59:03] [clean] REMOVED /Users/prashantkoirala/.bun/install/cache/reusify@1.1.0@@@1 (57KB)
[2026-03-01 22:59:03] [clean] REMOVED /Users/prashantkoirala/.bun/install/cache/secure-json-parse
[2026-03-01 22:59:03] [clean] REMOVED /Users/prashantkoirala/.bun/install/cache/default-browser-id
[2026-03-01 22:59:03] [clean] REMOVED /Users/prashantkoirala/.bun/install/cache/fast-uri@3.1.0@@@1 (238KB)
[2026-03-01 22:59:03] [clean] REMOVED /Users/prashantkoirala/.bun/install/cache/fast-json-stringify
[2026-03-01 22:59:03] [clean] REMOVED /Users/prashantkoirala/.bun/install/cache/ipaddr.js@2.3.0@@@1 (78KB)
[2026-03-01 22:59:03] [clean] REMOVED /Users/prashantkoirala/.bun/install/cache/is-docker@3.0.0@@@1 (25KB)
[2026-03-01 22:59:03] [clean] REMOVED /Users/prashantkoirala/.bun/install/cache/is-inside-container
[2026-03-01 22:59:03] [clean] REMOVED /Users/prashantkoirala/.bun/install/cache/require-from-string
[2026-03-01 22:59:03] [clean] REMOVED /Users/prashantkoirala/.bun/install/cache/wsl-utils@0.1.0@@@1 (20KB)
[2026-03-01 22:59:03] [clean] REMOVED /Users/prashantkoirala/.bun/install/cache/02dd05ab1686ff3a.npm (20KB)
[2026-03-01 22:59:03] [clean] REMOVED /Users/prashantkoirala/.bun/install/cache/04377379bb649145.npm (4KB)
[2026-03-01 22:59:03] [clean] REMOVED /Users/prashantkoirala/.bun/install/cache/05ed5331e4a4d393.npm (12KB)
[2026-03-01 22:59:03] [clean] REMOVED /Users/prashantkoirala/.bun/install/cache/09885b3efe2688d9.npm (4KB)
[2026-03-01 22:59:03] [clean] REMOVED /Users/prashantkoirala/.bun/install/cache/134c557411f32d3c.npm (12KB)
[2026-03-01 22:59:03] [clean] REMOVED /Users/prashantkoirala/.bun/install/cache/13963cdf6b29d8e5.npm (8KB)
[2026-03-01 22:59:03] [clean] REMOVED /Users/prashantkoirala/.bun/install/cache/1499b26e53e5abe7.npm (16KB)
[2026-03-01 22:59:03] [clean] REMOVED /Users/prashantkoirala/.bun/install/cache/14a2c3ccac884310.npm (4KB)
[2026-03-01 22:59:03] [clean] REMOVED /Users/prashantkoirala/.bun/install/cache/190eac57c3a4d7d7.npm (8KB)
[2026-03-01 22:59:03] [clean] REMOVED /Users/prashantkoirala/.bun/install/cache/1c65375f0c2ae33f.npm (4KB)
[2026-03-01 22:59:03] [clean] REMOVED /Users/prashantkoirala/.bun/install/cache/1c964dbacf45da6a.npm (4KB)
[2026-03-01 22:59:03] [clean] REMOVED /Users/prashantkoirala/.bun/install/cache/1efaa8ec13e22a3e.npm (20KB)
[2026-03-01 22:59:03] [clean] REMOVED /Users/prashantkoirala/.bun/install/cache/1f0b3e3ace6b97ec.npm (4KB)
[2026-03-01 22:59:03] [clean] REMOVED /Users/prashantkoirala/.bun/install/cache/21f19740189d11fe.npm (1.7MB)
[2026-03-01 22:59:03] [clean] REMOVED /Users/prashantkoirala/.bun/install/cache/232e8c145b35ba48.npm (8KB)
[2026-03-01 22:59:03] [clean] REMOVED /Users/prashantkoirala/.bun/install/cache/2335306c194259e4.npm (20KB)
[2026-03-01 22:59:03] [clean] REMOVED /Users/prashantkoirala/.bun/install/cache/26b371e66cd249f5.npm (4KB)
[2026-03-01 22:59:03] [clean] REMOVED /Users/prashantkoirala/.bun/install/cache/2ced15467f88e559.npm (8KB)
[2026-03-01 22:59:03] [clean] REMOVED /Users/prashantkoirala/.bun/install/cache/32a94fa33cc6c369.npm (82KB)
[2026-03-01 22:59:03] [clean] REMOVED /Users/prashantkoirala/.bun/install/cache/33f3fe1f94a3e878.npm (4KB)
[2026-03-01 22:59:03] [clean] REMOVED /Users/prashantkoirala/.bun/install/cache/38d1787bcbc0e675.npm (156KB)
[2026-03-01 22:59:03] [clean] REMOVED /Users/prashantkoirala/.bun/install/cache/39d60dc12d858223.npm (4KB)
[2026-03-01 22:59:03] [clean] REMOVED /Users/prashantkoirala/.bun/install/cache/3e390bbe4cff6947.npm (66KB)
[2026-03-01 22:59:03] [clean] REMOVED /Users/prashantkoirala/.bun/install/cache/414adc400e944ff5.npm (127KB)
[2026-03-01 22:59:03] [clean] REMOVED /Users/prashantkoirala/.bun/install/cache/4673952d56027d03.npm (8KB)
[2026-03-01 22:59:03] [clean] REMOVED /Users/prashantkoirala/.bun/install/cache/477361ffdfe2653d.npm (4KB)
[2026-03-01 22:59:03] [clean] REMOVED /Users/prashantkoirala/.bun/install/cache/4b464037021fdd10.npm (4KB)
[2026-03-01 22:59:03] [clean] REMOVED /Users/prashantkoirala/.bun/install/cache/4f5a4b06f980ca69.npm (16KB)
[2026-03-01 22:59:03] [clean] REMOVED /Users/prashantkoirala/.bun/install/cache/544aad29bf256d77.npm (143KB)
[2026-03-01 22:59:03] [clean] REMOVED /Users/prashantkoirala/.bun/install/cache/565c7fd5a0889e82.npm (4KB)
[2026-03-01 22:59:03] [clean] REMOVED /Users/prashantkoirala/.bun/install/cache/587abf0f26e19f84.npm (8KB)
[2026-03-01 22:59:04] [clean] REMOVED /Users/prashantkoirala/.bun/install/cache/591d5a6ce924044a.npm (4KB)
[2026-03-01 22:59:04] [clean] REMOVED /Users/prashantkoirala/.bun/install/cache/59a99737c849cca3.npm (4KB)
[2026-03-01 22:59:04] [clean] REMOVED /Users/prashantkoirala/.bun/install/cache/5c2c953f5445240f.npm (4KB)
[2026-03-01 22:59:04] [clean] REMOVED /Users/prashantkoirala/.bun/install/cache/5d8d4e30d34ae276.npm (12KB)
[2026-03-01 22:59:04] [clean] REMOVED /Users/prashantkoirala/.bun/install/cache/616e699982cbd398.npm (8KB)
[2026-03-01 22:59:04] [clean] REMOVED /Users/prashantkoirala/.bun/install/cache/6ec91bee20d668fa.npm (4KB)
[2026-03-01 22:59:04] [clean] REMOVED /Users/prashantkoirala/.bun/install/cache/71e397e0674925d3.npm (16KB)
[2026-03-01 22:59:04] [clean] REMOVED /Users/prashantkoirala/.bun/install/cache/7c14925db117bf67.npm (4KB)
[2026-03-01 22:59:04] [clean] REMOVED /Users/prashantkoirala/.bun/install/cache/7d273229c5667a13.npm (4KB)
[2026-03-01 22:59:04] [clean] REMOVED /Users/prashantkoirala/.bun/install/cache/7fd430bb39ebc5ee.npm (1.6MB)
[2026-03-01 22:59:04] [clean] REMOVED /Users/prashantkoirala/.bun/install/cache/8070e7d371569030.npm (4KB)
[2026-03-01 22:59:04] [clean] REMOVED /Users/prashantkoirala/.bun/install/cache/871da3362992c584.npm (33KB)
[2026-03-01 22:59:04] [clean] REMOVED /Users/prashantkoirala/.bun/install/cache/88e33487543460de.npm (4KB)
[2026-03-01 22:59:04] [clean] REMOVED /Users/prashantkoirala/.bun/install/cache/8be784fbee26056f.npm (25KB)
[2026-03-01 22:59:04] [clean] REMOVED /Users/prashantkoirala/.bun/install/cache/937eec964d239fa5.npm (33KB)
[2026-03-01 22:59:04] [clean] REMOVED /Users/prashantkoirala/.bun/install/cache/9647475317321599.npm (131KB)
[2026-03-01 22:59:04] [clean] REMOVED /Users/prashantkoirala/.bun/install/cache/996b44066654ee33.npm (16KB)
[2026-03-01 22:59:04] [clean] REMOVED /Users/prashantkoirala/.bun/install/cache/a7e4de6abd2c06ea.npm (4KB)
[2026-03-01 22:59:04] [clean] REMOVED /Users/prashantkoirala/.bun/install/cache/aa2b6d62b7b667b2.npm (8KB)
[2026-03-01 22:59:04] [clean] REMOVED /Users/prashantkoirala/.bun/install/cache/abb085dd0991c819.npm (8KB)
[2026-03-01 22:59:04] [clean] REMOVED /Users/prashantkoirala/.bun/install/cache/aca78bf5022e36c4.npm (12KB)
[2026-03-01 22:59:04] [clean] REMOVED /Users/prashantkoirala/.bun/install/cache/aws4fetch@1.0.20@@@1 (82KB)
[2026-03-01 22:59:04] [clean] REMOVED /Users/prashantkoirala/.bun/install/cache/b6fb1a15a4ec03c2.npm (4KB)
[2026-03-01 22:59:04] [clean] REMOVED /Users/prashantkoirala/.bun/install/cache/bbbaa22787d77a09.npm (12KB)
[2026-03-01 22:59:04] [clean] REMOVED /Users/prashantkoirala/.bun/install/cache/beab8a8b8d7f3873.npm (4KB)
[2026-03-01 22:59:04] [clean] REMOVED /Users/prashantkoirala/.bun/install/cache/bf3a955b0d57572d.npm (25KB)
[2026-03-01 22:59:04] [clean] REMOVED /Users/prashantkoirala/.bun/install/cache/c17f4447ebe3362d.npm (324KB)
[2026-03-01 22:59:04] [clean] REMOVED /Users/prashantkoirala/.bun/install/cache/c9c1abf66efeecfa.npm (8KB)
[2026-03-01 22:59:04] [clean] REMOVED /Users/prashantkoirala/.bun/install/cache/cd7bd86b95553cd9.npm (4KB)
[2026-03-01 22:59:04] [clean] REMOVED /Users/prashantkoirala/.bun/install/cache/d1c502fb117e4da0.npm (12KB)
[2026-03-01 22:59:04] [clean] REMOVED /Users/prashantkoirala/.bun/install/cache/d7a573a1e81e088f.npm (8KB)
[2026-03-01 22:59:04] [clean] REMOVED /Users/prashantkoirala/.bun/install/cache/dc1934b75321a3b1.npm (8KB)
[2026-03-01 22:59:04] [clean] REMOVED /Users/prashantkoirala/.bun/install/cache/debb90607784646c.npm (45KB)
[2026-03-01 22:59:04] [clean] REMOVED /Users/prashantkoirala/.bun/install/cache/e2d99444dba5f022.npm (4KB)
[2026-03-01 22:59:04] [clean] REMOVED /Users/prashantkoirala/.bun/install/cache/e324920d56e54915.npm (41KB)
[2026-03-01 22:59:04] [clean] REMOVED /Users/prashantkoirala/.bun/install/cache/e48a0d225d3bb539.npm (8KB)
[2026-03-01 22:59:04] [clean] REMOVED /Users/prashantkoirala/.bun/install/cache/e4960f68d8c5a1aa.npm (4KB)
[2026-03-01 22:59:04] [clean] REMOVED /Users/prashantkoirala/.bun/install/cache/e5b241b7eaa3a820.npm (33KB)
[2026-03-01 22:59:04] [clean] REMOVED /Users/prashantkoirala/.bun/install/cache/e862f636d84612ef.npm (12KB)
[2026-03-01 22:59:04] [clean] REMOVED /Users/prashantkoirala/.bun/install/cache/ea4fa1847ed02240.npm (8KB)
[2026-03-01 22:59:04] [clean] REMOVED /Users/prashantkoirala/.bun/install/cache/eafe3578b6c71b5b.npm (4KB)
[2026-03-01 22:59:04] [clean] REMOVED /Users/prashantkoirala/.bun/install/cache/ec1978c43b0e97e6.npm (8KB)
[2026-03-01 22:59:04] [clean] REMOVED /Users/prashantkoirala/.bun/install/cache/f9151114e014bf7a.npm (4KB)
[2026-03-01 22:59:05] [clean] REMOVED /Users/prashantkoirala/.bun/install/cache/fe0b26e09be960c0.npm (8KB)
[2026-03-01 22:59:05] [clean] REMOVED /Users/prashantkoirala/.bun/install/cache/json-schema-traverse
[2026-03-01 22:59:05] [clean] REMOVED /Users/prashantkoirala/.bun/install/cache/pino-std-serializers
[2026-03-01 22:59:05] [clean] REMOVED /Users/prashantkoirala/.bun/install/cache/sonic-boom@4.2.1@@@1 (156KB)
[2026-03-01 22:59:05] [clean] REMOVED /Users/prashantkoirala/.bun/install/cache/toad-cache@3.7.0@@@1 (66KB)
[2026-03-01 22:59:05] [clean] REMOVED /Users/prashantkoirala/.bun/install/cache/ajv-formats@3.0.1@@@1 (90KB)
[2026-03-01 22:59:05] [clean] REMOVED /Users/prashantkoirala/.bun/install/cache/bundle-name@4.1.0@@@1 (16KB)
[2026-03-01 22:59:05] [clean] REMOVED /Users/prashantkoirala/.bun/install/cache/find-my-way@9.4.0@@@1 (639KB)
[2026-03-01 22:59:05] [clean] REMOVED /Users/prashantkoirala/.bun/install/cache/safe-regex2@5.0.0@@@1 (53KB)
[2026-03-01 22:59:05] [clean] REMOVED /Users/prashantkoirala/.bun/install/cache/safe-stable-stringify
[2026-03-01 22:59:05] [clean] REMOVED /Users/prashantkoirala/.bun/install/cache/atomic-sleep@1.0.0@@@1 (25KB)
[2026-03-01 22:59:05] [clean] REMOVED /Users/prashantkoirala/.bun/install/cache/quick-format-unescaped
[2026-03-01 22:59:05] [clean] REMOVED /Users/prashantkoirala/.bun/install/cache/real-require@0.2.0@@@1 (16KB)
[2026-03-01 22:59:05] [clean] REMOVED /Users/prashantkoirala/.bun/install/cache/opencode-anthropic-auth
[2026-03-01 22:59:05] [clean] REMOVED /Users/prashantkoirala/.bun/install/cache/pino-abstract-transport
[2026-03-01 22:59:05] [clean] REMOVED /Users/prashantkoirala/.bun/install/cache/thread-stream@4.0.0@@@1 (262KB)
[2026-03-01 22:59:05] [clean] REMOVED /Users/prashantkoirala/.bun/install/cache/fastify-plugin@5.1.0@@@1 (115KB)
[2026-03-01 22:59:05] [clean] REMOVED /Users/prashantkoirala/.bun/install/cache/json-schema-ref-resolver
[2026-03-01 22:59:05] [clean] REMOVED /Users/prashantkoirala/.bun/install/cache/default-browser@5.5.0@@@1 (25KB)
[2026-03-01 22:59:05] [clean] REMOVED /Users/prashantkoirala/.bun/install/cache/fast-decode-uri-component
[2026-03-01 22:59:05] [clean] REMOVED /Users/prashantkoirala/.bun/install/cache/fast-deep-equal@3.1.3@@@1 (45KB)
[2026-03-01 22:59:05] [clean] REMOVED /Users/prashantkoirala/.bun/install/cache/process-warning@4.0.1@@@1 (94KB)
[2026-03-01 22:59:05] [clean] REMOVED /Users/prashantkoirala/.bun/install/cache/process-warning@5.0.0@@@1 (94KB)
[2026-03-01 22:59:05] [clean] REMOVED /Users/prashantkoirala/.bun/install/cache/run-applescript@7.1.0@@@1 (20KB)
[2026-03-01 22:59:05] [clean] REMOVED /Users/prashantkoirala/.bun/install/cache/abstract-logging@2.0.1@@@1 (16KB)
[2026-03-01 22:59:05] [clean] REMOVED /Users/prashantkoirala/.bun/install/cache/define-lazy-prop@3.0.0@@@1 (20KB)
[2026-03-01 22:59:05] [clean] REMOVED /Users/prashantkoirala/.bun/install/cache/fast-querystring@1.1.2@@@1 (37KB)
[2026-03-01 22:59:05] [clean] REMOVED /Users/prashantkoirala/.bun/install/cache/on-exit-leak-free@2.1.2@@@1 (49KB)
[2026-03-01 22:59:05] [clean] REMOVED /Users/prashantkoirala/.bun/install/cache/secure-json-parse@4.1.0@@@1 (106KB)
[2026-03-01 22:59:05] [clean] REMOVED /Users/prashantkoirala/.bun/install/cache/default-browser-id@5.0.1@@@1 (16KB)
[2026-03-01 22:59:05] [clean] REMOVED /Users/prashantkoirala/.bun/install/cache/fast-json-stringify@6.3.0@@@1 (614KB)
[2026-03-01 22:59:05] [clean] REMOVED /Users/prashantkoirala/.bun/install/cache/is-inside-container@1.0.0@@@1 (25KB)
[2026-03-01 22:59:05] [clean] REMOVED /Users/prashantkoirala/.bun/install/cache/require-from-string@2.0.2@@@1 (16KB)
[2026-03-01 22:59:05] [clean] REMOVED /Users/prashantkoirala/.bun/install/cache/json-schema-traverse@1.0.0@@@1 (57KB)
[2026-03-01 22:59:05] [clean] REMOVED /Users/prashantkoirala/.bun/install/cache/pino-std-serializers@7.1.0@@@1 (111KB)
[2026-03-01 22:59:05] [clean] REMOVED /Users/prashantkoirala/.bun/install/cache/safe-stable-stringify@2.5.0@@@1 (53KB)
[2026-03-01 22:59:05] [clean] REMOVED /Users/prashantkoirala/.bun/install/cache/quick-format-unescaped@4.0.4@@@1 (33KB)
[2026-03-01 22:59:05] [clean] REMOVED /Users/prashantkoirala/.bun/install/cache/pino-abstract-transport@3.0.0@@@1 (86KB)
[2026-03-01 22:59:05] [clean] REMOVED /Users/prashantkoirala/.bun/install/cache/json-schema-ref-resolver@3.0.0@@@1 (106KB)
[2026-03-01 22:59:05] [clean] REMOVED /Users/prashantkoirala/.bun/install/cache/opencode-anthropic-auth@0.0.13@@@1 (37KB)
[2026-03-01 22:59:06] [clean] REMOVED /Users/prashantkoirala/.bun/install/cache/fast-decode-uri-component@1.0.1@@@1 (29KB)
[2026-03-01 22:59:15] [clean] REMOVED /Users/prashantkoirala/.nuget/packages/dotnet-ef (4.9MB)
[2026-03-01 22:59:15] [clean] REMOVED /Users/prashantkoirala/.nuget/packages/humanizer (74KB)
[2026-03-01 22:59:15] [clean] REMOVED /Users/prashantkoirala/.nuget/packages/nuget.common (459KB)
[2026-03-01 22:59:15] [clean] REMOVED /Users/prashantkoirala/.nuget/packages/system.memory (549KB)
[2026-03-01 22:59:15] [clean] REMOVED /Users/prashantkoirala/.nuget/packages/humanizer.core (2.5MB)
[2026-03-01 22:59:15] [clean] REMOVED /Users/prashantkoirala/.nuget/packages/nuget.protocol (3.3MB)
[2026-03-01 22:59:15] [clean] REMOVED /Users/prashantkoirala/.nuget/packages/system.codedom (4.3MB)
[2026-03-01 22:59:15] [clean] REMOVED /Users/prashantkoirala/.nuget/packages/microsoft.build (24.3MB)
[2026-03-01 22:59:15] [clean] REMOVED /Users/prashantkoirala/.nuget/packages/newtonsoft.json (13.0MB)
[2026-03-01 22:59:15] [clean] REMOVED /Users/prashantkoirala/.nuget/packages/nuget.packaging (2.9MB)
[2026-03-01 22:59:15] [clean] REMOVED /Users/prashantkoirala/.nuget/packages/nuget.frameworks (475KB)
[2026-03-01 22:59:15] [clean] REMOVED /Users/prashantkoirala/.nuget/packages/nuget.versioning (295KB)
[2026-03-01 22:59:15] [clean] REMOVED /Users/prashantkoirala/.nuget/packages/system.text.json (18.0MB)
[2026-03-01 22:59:15] [clean] REMOVED /Users/prashantkoirala/.nuget/packages/humanizer.core.af (160KB)
[2026-03-01 22:59:15] [clean] REMOVED /Users/prashantkoirala/.nuget/packages/humanizer.core.ar (176KB)
[2026-03-01 22:59:15] [clean] REMOVED /Users/prashantkoirala/.nuget/packages/humanizer.core.az (160KB)
[2026-03-01 22:59:15] [clean] REMOVED /Users/prashantkoirala/.nuget/packages/humanizer.core.bg (160KB)
[2026-03-01 22:59:15] [clean] REMOVED /Users/prashantkoirala/.nuget/packages/humanizer.core.cs (160KB)
[2026-03-01 22:59:16] [clean] REMOVED /Users/prashantkoirala/.nuget/packages/humanizer.core.da (160KB)
[2026-03-01 22:59:16] [clean] REMOVED /Users/prashantkoirala/.nuget/packages/humanizer.core.de (164KB)
[2026-03-01 22:59:16] [clean] REMOVED /Users/prashantkoirala/.nuget/packages/humanizer.core.el (160KB)
[2026-03-01 22:59:16] [clean] REMOVED /Users/prashantkoirala/.nuget/packages/humanizer.core.es (217KB)
[2026-03-01 22:59:16] [clean] REMOVED /Users/prashantkoirala/.nuget/packages/humanizer.core.fa (160KB)
[2026-03-01 22:59:16] [clean] REMOVED /Users/prashantkoirala/.nuget/packages/humanizer.core.fr (160KB)
[2026-03-01 22:59:16] [clean] REMOVED /Users/prashantkoirala/.nuget/packages/humanizer.core.he (176KB)
[2026-03-01 22:59:16] [clean] REMOVED /Users/prashantkoirala/.nuget/packages/humanizer.core.hr (160KB)
[2026-03-01 22:59:16] [clean] REMOVED /Users/prashantkoirala/.nuget/packages/humanizer.core.hu (160KB)
[2026-03-01 22:59:16] [clean] REMOVED /Users/prashantkoirala/.nuget/packages/humanizer.core.hy (160KB)
[2026-03-01 22:59:16] [clean] REMOVED /Users/prashantkoirala/.nuget/packages/humanizer.core.id (160KB)
[2026-03-01 22:59:16] [clean] REMOVED /Users/prashantkoirala/.nuget/packages/humanizer.core.is (176KB)
[2026-03-01 22:59:16] [clean] REMOVED /Users/prashantkoirala/.nuget/packages/humanizer.core.it (160KB)
[2026-03-01 22:59:16] [clean] REMOVED /Users/prashantkoirala/.nuget/packages/humanizer.core.ja (160KB)
[2026-03-01 22:59:16] [clean] REMOVED /Users/prashantkoirala/.nuget/packages/humanizer.core.ku (201KB)
[2026-03-01 22:59:16] [clean] REMOVED /Users/prashantkoirala/.nuget/packages/humanizer.core.lv (188KB)
[2026-03-01 22:59:16] [clean] REMOVED /Users/prashantkoirala/.nuget/packages/humanizer.core.mt (160KB)
[2026-03-01 22:59:16] [clean] REMOVED /Users/prashantkoirala/.nuget/packages/humanizer.core.nb (160KB)
[2026-03-01 22:59:16] [clean] REMOVED /Users/prashantkoirala/.nuget/packages/humanizer.core.nl (160KB)
[2026-03-01 22:59:16] [clean] REMOVED /Users/prashantkoirala/.nuget/packages/humanizer.core.pl (160KB)
[2026-03-01 22:59:16] [clean] REMOVED /Users/prashantkoirala/.nuget/packages/humanizer.core.pt (160KB)
[2026-03-01 22:59:16] [clean] REMOVED /Users/prashantkoirala/.nuget/packages/humanizer.core.ro (160KB)
[2026-03-01 22:59:16] [clean] REMOVED /Users/prashantkoirala/.nuget/packages/humanizer.core.ru (176KB)
[2026-03-01 22:59:16] [clean] REMOVED /Users/prashantkoirala/.nuget/packages/humanizer.core.sk (160KB)
[2026-03-01 22:59:16] [clean] REMOVED /Users/prashantkoirala/.nuget/packages/humanizer.core.sl (176KB)
[2026-03-01 22:59:16] [clean] REMOVED /Users/prashantkoirala/.nuget/packages/humanizer.core.sr (160KB)
[2026-03-01 22:59:16] [clean] REMOVED /Users/prashantkoirala/.nuget/packages/humanizer.core.sv (160KB)
[2026-03-01 22:59:16] [clean] REMOVED /Users/prashantkoirala/.nuget/packages/humanizer.core.tr (160KB)
[2026-03-01 22:59:16] [clean] REMOVED /Users/prashantkoirala/.nuget/packages/humanizer.core.uk (176KB)
[2026-03-01 22:59:16] [clean] REMOVED /Users/prashantkoirala/.nuget/packages/humanizer.core.vi (160KB)
[2026-03-01 22:59:16] [clean] REMOVED /Users/prashantkoirala/.nuget/packages/microsoft.openapi (3.0MB)
[2026-03-01 22:59:16] [clean] REMOVED /Users/prashantkoirala/.nuget/packages/sqlitepclraw.core (233KB)
[2026-03-01 22:59:16] [clean] REMOVED /Users/prashantkoirala/.nuget/packages/nuget.librarymodel (270KB)
[2026-03-01 22:59:16] [clean] REMOVED /Users/prashantkoirala/.nuget/packages/nuget.projectmodel (1.2MB)
[2026-03-01 22:59:16] [clean] REMOVED /Users/prashantkoirala/.nuget/packages/system.composition (496KB)
[2026-03-01 22:59:16] [clean] REMOVED /Users/prashantkoirala/.nuget/packages/mono.texttemplating (2.3MB)
[2026-03-01 22:59:16] [clean] REMOVED /Users/prashantkoirala/.nuget/packages/nuget.configuration (606KB)
[2026-03-01 22:59:16] [clean] REMOVED /Users/prashantkoirala/.nuget/packages/system.formats.asn1 (2.9MB)
[2026-03-01 22:59:16] [clean] REMOVED /Users/prashantkoirala/.nuget/packages/system.io.pipelines (1.9MB)
[2026-03-01 22:59:17] [clean] REMOVED /Users/prashantkoirala/.nuget/packages/humanizer.core.bn-bd (160KB)
[2026-03-01 22:59:17] [clean] REMOVED /Users/prashantkoirala/.nuget/packages/humanizer.core.fi-fi (143KB)
[2026-03-01 22:59:17] [clean] REMOVED /Users/prashantkoirala/.nuget/packages/humanizer.core.fr-be (160KB)
[2026-03-01 22:59:17] [clean] REMOVED /Users/prashantkoirala/.nuget/packages/humanizer.core.ko-kr (152KB)
[2026-03-01 22:59:17] [clean] REMOVED /Users/prashantkoirala/.nuget/packages/humanizer.core.ms-my (152KB)
[2026-03-01 22:59:17] [clean] REMOVED /Users/prashantkoirala/.nuget/packages/humanizer.core.nb-no (160KB)
[2026-03-01 22:59:17] [clean] REMOVED /Users/prashantkoirala/.nuget/packages/humanizer.core.th-th (160KB)
[2026-03-01 22:59:17] [clean] REMOVED /Users/prashantkoirala/.nuget/packages/humanizer.core.zh-cn (160KB)
[2026-03-01 22:59:17] [clean] REMOVED /Users/prashantkoirala/.nuget/packages/humanizer.core.sr-latn (160KB)
[2026-03-01 22:59:17] [clean] REMOVED /Users/prashantkoirala/.nuget/packages/humanizer.core.zh-hans (160KB)
[2026-03-01 22:59:17] [clean] REMOVED /Users/prashantkoirala/.nuget/packages/humanizer.core.zh-hant (160KB)
[2026-03-01 22:59:17] [clean] REMOVED /Users/prashantkoirala/.nuget/packages/microsoft.diasymreader (332KB)
[2026-03-01 22:59:17] [clean] REMOVED /Users/prashantkoirala/.nuget/packages/swashbuckle.aspnetcore (61KB)
[2026-03-01 22:59:17] [clean] REMOVED /Users/prashantkoirala/.nuget/packages/humanizer.core.uz-cyrl-uz (160KB)
[2026-03-01 22:59:17] [clean] REMOVED /Users/prashantkoirala/.nuget/packages/humanizer.core.uz-latn-uz (160KB)
[2026-03-01 22:59:17] [clean] REMOVED /Users/prashantkoirala/.nuget/packages/microsoft.build.framework (16.2MB)
[2026-03-01 22:59:17] [clean] REMOVED /Users/prashantkoirala/.nuget/packages/microsoft.net.stringtools (659KB)
[2026-03-01 22:59:17] [clean] REMOVED /Users/prashantkoirala/.nuget/packages/microsoft.netcore.app.ref (46.9MB)
[2026-03-01 22:59:17] [clean] REMOVED /Users/prashantkoirala/.nuget/packages/system.threading.channels (1.4MB)
[2026-03-01 22:59:17] [clean] REMOVED /Users/prashantkoirala/.nuget/packages/microsoft.data.sqlite.core (2.8MB)
[2026-03-01 22:59:17] [clean] REMOVED /Users/prashantkoirala/.nuget/packages/sqlitepclraw.lib.e_sqlite3 (111.9MB)
[2026-03-01 22:59:17] [clean] REMOVED /Users/prashantkoirala/.nuget/packages/system.composition.hosting (1.3MB)
[2026-03-01 22:59:17] [clean] REMOVED /Users/prashantkoirala/.nuget/packages/system.composition.runtime (905KB)
[2026-03-01 22:59:17] [clean] REMOVED /Users/prashantkoirala/.nuget/packages/system.reflection.metadata (16.9MB)
[2026-03-01 22:59:17] [clean] REMOVED /Users/prashantkoirala/.nuget/packages/microsoft.netcore.platforms (94KB)
[2026-03-01 22:59:17] [clean] REMOVED /Users/prashantkoirala/.nuget/packages/system.diagnostics.eventlog (4.9MB)
[2026-03-01 22:59:17] [clean] REMOVED /Users/prashantkoirala/.nuget/packages/system.security.permissions (1.8MB)
[2026-03-01 22:59:17] [clean] REMOVED /Users/prashantkoirala/.nuget/packages/microsoft.aspnetcore.app.ref (22.5MB)
[2026-03-01 22:59:17] [clean] REMOVED /Users/prashantkoirala/.nuget/packages/microsoft.codeanalysis.elfie (483KB)
[2026-03-01 22:59:17] [clean] REMOVED /Users/prashantkoirala/.nuget/packages/microsoft.codeanalysis.razor (233KB)
[2026-03-01 22:59:17] [clean] REMOVED /Users/prashantkoirala/.nuget/packages/microsoft.extensions.logging (963KB)
[2026-03-01 22:59:18] [clean] REMOVED /Users/prashantkoirala/.nuget/packages/microsoft.extensions.options (2.3MB)
[2026-03-01 22:59:18] [clean] REMOVED /Users/prashantkoirala/.nuget/packages/system.collections.immutable (10.7MB)
[2026-03-01 22:59:18] [clean] REMOVED /Users/prashantkoirala/.nuget/packages/microsoft.bcl.asyncinterfaces (651KB)
[2026-03-01 22:59:18] [clean] REMOVED /Users/prashantkoirala/.nuget/packages/microsoft.codeanalysis.common (101.1MB)
[2026-03-01 22:59:18] [clean] REMOVED /Users/prashantkoirala/.nuget/packages/microsoft.codeanalysis.csharp (241.9MB)
[2026-03-01 22:59:18] [clean] REMOVED /Users/prashantkoirala/.nuget/packages/microsoft.entityframeworkcore (24.3MB)
[2026-03-01 22:59:18] [clean] REMOVED /Users/prashantkoirala/.nuget/packages/nuget.dependencyresolver.core (532KB)
[2026-03-01 22:59:18] [clean] REMOVED /Users/prashantkoirala/.nuget/packages/sqlitepclraw.bundle_e_sqlite3 (291KB)
[2026-03-01 22:59:18] [clean] REMOVED /Users/prashantkoirala/.nuget/packages/system.composition.convention (1.3MB)
[2026-03-01 22:59:18] [clean] REMOVED /Users/prashantkoirala/.nuget/packages/system.composition.typedparts (1.3MB)
[2026-03-01 22:59:18] [clean] REMOVED /Users/prashantkoirala/.nuget/packages/system.data.datasetextensions (193KB)
[2026-03-01 22:59:18] [clean] REMOVED /Users/prashantkoirala/.nuget/packages/system.security.accesscontrol (4.0MB)
[2026-03-01 22:59:18] [clean] REMOVED /Users/prashantkoirala/.nuget/packages/microsoft.identitymodel.tokens (6.1MB)
[2026-03-01 22:59:18] [clean] REMOVED /Users/prashantkoirala/.nuget/packages/swashbuckle.aspnetcore.swagger (295KB)
[2026-03-01 22:59:18] [clean] REMOVED /Users/prashantkoirala/.nuget/packages/system.text.encoding.codepages (10.5MB)
[2026-03-01 22:59:18] [clean] REMOVED /Users/prashantkoirala/.nuget/packages/microsoft.codeanalysis.features (41.4MB)
[2026-03-01 22:59:18] [clean] REMOVED /Users/prashantkoirala/.nuget/packages/microsoft.extensions.primitives (1.0MB)
[2026-03-01 22:59:18] [clean] REMOVED /Users/prashantkoirala/.nuget/packages/microsoft.identitymodel.logging (754KB)
[2026-03-01 22:59:18] [clean] REMOVED /Users/prashantkoirala/.nuget/packages/sqlitepclraw.provider.e_sqlite3 (406KB)
[2026-03-01 22:59:18] [clean] REMOVED /Users/prashantkoirala/.nuget/packages/system.identitymodel.tokens.jwt (1.8MB)
[2026-03-01 22:59:18] [clean] REMOVED /Users/prashantkoirala/.nuget/packages/microsoft.codeanalysis.analyzers (19.7MB)
[2026-03-01 22:59:18] [clean] REMOVED /Users/prashantkoirala/.nuget/packages/swashbuckle.aspnetcore.swaggerui (4.8MB)
[2026-03-01 22:59:18] [clean] REMOVED /Users/prashantkoirala/.nuget/packages/microsoft.identitymodel.protocols (700KB)
[2026-03-01 22:59:18] [clean] REMOVED /Users/prashantkoirala/.nuget/packages/swashbuckle.aspnetcore.swaggergen (1.3MB)
[2026-03-01 22:59:18] [clean] REMOVED /Users/prashantkoirala/.nuget/packages/system.security.cryptography.pkcs (5.7MB)
[2026-03-01 22:59:19] [clean] REMOVED /Users/prashantkoirala/.nuget/packages/system.security.principal.windows (1.9MB)
[2026-03-01 22:59:19] [clean] REMOVED /Users/prashantkoirala/.nuget/packages/system.composition.attributedmodel (819KB)
[2026-03-01 22:59:19] [clean] REMOVED /Users/prashantkoirala/.nuget/packages/microsoft.aspnetcore.razor.language (1.5MB)
[2026-03-01 22:59:19] [clean] REMOVED /Users/prashantkoirala/.nuget/packages/microsoft.dotnet.scaffolding.shared (635KB)
[2026-03-01 22:59:19] [clean] REMOVED /Users/prashantkoirala/.nuget/packages/microsoft.entityframeworkcore.tools (1.9MB)
[2026-03-01 22:59:19] [clean] REMOVED /Users/prashantkoirala/.nuget/packages/microsoft.extensions.caching.memory (745KB)
[2026-03-01 22:59:19] [clean] REMOVED /Users/prashantkoirala/.nuget/packages/microsoft.entityframeworkcore.design (2.8MB)
[2026-03-01 22:59:19] [clean] REMOVED /Users/prashantkoirala/.nuget/packages/microsoft.entityframeworkcore.sqlite (172KB)
[2026-03-01 22:59:19] [clean] REMOVED /Users/prashantkoirala/.nuget/packages/microsoft.extensions.dependencymodel (2.1MB)
[2026-03-01 22:59:19] [clean] REMOVED /Users/prashantkoirala/.nuget/packages/microsoft.identitymodel.abstractions (401KB)
[2026-03-01 22:59:19] [clean] REMOVED /Users/prashantkoirala/.nuget/packages/microsoft.netcore.app.host.osx-arm64 (16.5MB)
[2026-03-01 22:59:19] [clean] REMOVED /Users/prashantkoirala/.nuget/packages/microsoft.identitymodel.jsonwebtokens (2.0MB)
[2026-03-01 22:59:19] [clean] REMOVED /Users/prashantkoirala/.nuget/packages/system.reflection.metadataloadcontext (2.1MB)
[2026-03-01 22:59:19] [clean] REMOVED /Users/prashantkoirala/.nuget/packages/microsoft.codeanalysis.csharp.features (14.8MB)
[2026-03-01 22:59:19] [clean] REMOVED /Users/prashantkoirala/.nuget/packages/system.runtime.compilerservices.unsafe (365KB)
[2026-03-01 22:59:19] [clean] REMOVED /Users/prashantkoirala/.nuget/packages/microsoft.codeanalysis.scripting.common (2.5MB)
[2026-03-01 22:59:19] [clean] REMOVED /Users/prashantkoirala/.nuget/packages/microsoft.entityframeworkcore.analyzers (303KB)
[2026-03-01 22:59:19] [clean] REMOVED /Users/prashantkoirala/.nuget/packages/microsoft.codeanalysis.analyzerutilities (1.3MB)
[2026-03-01 22:59:19] [clean] REMOVED /Users/prashantkoirala/.nuget/packages/microsoft.codeanalysis.csharp.workspaces (18.5MB)
[2026-03-01 22:59:19] [clean] REMOVED /Users/prashantkoirala/.nuget/packages/microsoft.codeanalysis.workspaces.common (87.9MB)
[2026-03-01 22:59:19] [clean] REMOVED /Users/prashantkoirala/.nuget/packages/microsoft.entityframeworkcore.relational (15.7MB)
[2026-03-01 22:59:19] [clean] REMOVED /Users/prashantkoirala/.nuget/packages/microsoft.extensions.dependencyinjection (1.3MB)
[2026-03-01 22:59:19] [clean] REMOVED /Users/prashantkoirala/.nuget/packages/microsoft.codeanalysis.workspaces.msbuild (8.5MB)
[2026-03-01 22:59:19] [clean] REMOVED /Users/prashantkoirala/.nuget/packages/microsoft.entityframeworkcore.sqlite.core (1.9MB)
[2026-03-01 22:59:19] [clean] REMOVED /Users/prashantkoirala/.nuget/packages/microsoft.extensions.caching.abstractions (762KB)
[2026-03-01 22:59:19] [clean] REMOVED /Users/prashantkoirala/.nuget/packages/microsoft.extensions.logging.abstractions (2.9MB)
[2026-03-01 22:59:19] [clean] REMOVED /Users/prashantkoirala/.nuget/packages/microsoft.visualstudio.web.codegeneration (442KB)
[2026-03-01 22:59:19] [clean] REMOVED /Users/prashantkoirala/.nuget/packages/system.configuration.configurationmanager (7.2MB)
[2026-03-01 22:59:19] [clean] REMOVED /Users/prashantkoirala/.nuget/packages/microsoft.aspnetcore.authentication.google (213KB)
[2026-03-01 22:59:19] [clean] REMOVED /Users/prashantkoirala/.nuget/packages/microsoft.entityframeworkcore.abstractions (393KB)
[2026-03-01 22:59:19] [clean] REMOVED /Users/prashantkoirala/.nuget/packages/microsoft.extensions.apidescription.server (17.5MB)
[2026-03-01 22:59:20] [clean] REMOVED /Users/prashantkoirala/.nuget/packages/microsoft.visualstudio.solutionpersistence (1.1MB)
[2026-03-01 22:59:20] [clean] REMOVED /Users/prashantkoirala/.nuget/packages/system.security.cryptography.protecteddata (1.7MB)
[2026-03-01 22:59:20] [clean] REMOVED /Users/prashantkoirala/.nuget/packages/microsoft.aspnetcore.authentication.jwtbearer (262KB)
[2026-03-01 22:59:20] [clean] REMOVED /Users/prashantkoirala/.nuget/packages/microsoft.visualstudio.web.codegenerators.mvc (18.7MB)
[2026-03-01 22:59:20] [clean] REMOVED /Users/prashantkoirala/.nuget/packages/microsoft.visualstudio.web.codegeneration.core (487KB)
[2026-03-01 22:59:20] [clean] REMOVED /Users/prashantkoirala/.nuget/packages/microsoft.extensions.configuration.abstractions (582KB)
[2026-03-01 22:59:20] [clean] REMOVED /Users/prashantkoirala/.nuget/packages/microsoft.identitymodel.protocols.openidconnect (2.0MB)
[2026-03-01 22:59:20] [clean] REMOVED /Users/prashantkoirala/.nuget/packages/microsoft.visualstudio.web.codegeneration.utils (438KB)
[2026-03-01 22:59:20] [clean] REMOVED /Users/prashantkoirala/.nuget/packages/microsoft.visualstudio.web.codegeneration.design (471KB)
[2026-03-01 22:59:20] [clean] REMOVED /Users/prashantkoirala/.nuget/packages/microsoft.visualstudio.web.codegeneration.templating (430KB)
[2026-03-01 22:59:20] [clean] REMOVED /Users/prashantkoirala/.nuget/packages/microsoft.extensions.dependencyinjection.abstractions (3.9MB)
[2026-03-01 22:59:20] [clean] REMOVED /Users/prashantkoirala/.nuget/packages/microsoft.visualstudio.web.codegeneration.entityframeworkcore (537KB)
[2026-03-01 22:59:20] [clean] SKIPPED /Users/prashantkoirala/Library/Caches/com.navicat.* (protected)
[2026-03-01 22:59:20] [clean] SKIPPED /Users/prashantkoirala/Library/Caches/com.dbeaver.* (protected)
[2026-03-01 22:59:20] [clean] SKIPPED /Users/prashantkoirala/Library/Caches/com.redis.RedisInsight (protected)
[2026-03-01 22:59:20] [clean] REMOVED /Users/prashantkoirala/Library/Caches/com.postmanlabs.mac/Cache.db (49KB)
[2026-03-01 22:59:20] [clean] REMOVED /Users/prashantkoirala/Library/Caches/com.postmanlabs.mac/Cache.db-shm (33KB)
[2026-03-01 22:59:20] [clean] REMOVED /Users/prashantkoirala/Library/Caches/com.postmanlabs.mac/Cache.db-wal
[2026-03-01 22:59:20] [clean] REMOVED /Users/prashantkoirala/Library/Caches/com.postmanlabs.mac/fsCachedData
[2026-03-01 22:59:24] [clean] REMOVED /opt/homebrew/var/homebrew/locks/update
[2026-03-01 22:59:24] [clean] REMOVED /opt/homebrew/var/homebrew/locks/go.formula.lock
[2026-03-01 22:59:24] [clean] REMOVED /opt/homebrew/var/homebrew/locks/m4.formula.lock
[2026-03-01 22:59:24] [clean] REMOVED /opt/homebrew/var/homebrew/locks/xz.formula.lock
[2026-03-01 22:59:24] [clean] REMOVED /opt/homebrew/var/homebrew/locks/z3.formula.lock
[2026-03-01 22:59:24] [clean] REMOVED /opt/homebrew/var/homebrew/locks/aom.formula.lock
[2026-03-01 22:59:24] [clean] REMOVED /opt/homebrew/var/homebrew/locks/fmt.formula.lock
[2026-03-01 22:59:24] [clean] REMOVED /opt/homebrew/var/homebrew/locks/gcc.formula.lock
[2026-03-01 22:59:24] [clean] REMOVED /opt/homebrew/var/homebrew/locks/gmp.formula.lock
[2026-03-01 22:59:24] [clean] REMOVED /opt/homebrew/var/homebrew/locks/isl.formula.lock
[2026-03-01 22:59:24] [clean] REMOVED /opt/homebrew/var/homebrew/locks/lit.formula.lock
[2026-03-01 22:59:24] [clean] REMOVED /opt/homebrew/var/homebrew/locks/lld.formula.lock
[2026-03-01 22:59:24] [clean] REMOVED /opt/homebrew/var/homebrew/locks/lua.formula.lock
[2026-03-01 22:59:24] [clean] REMOVED /opt/homebrew/var/homebrew/locks/luv.formula.lock
[2026-03-01 22:59:24] [clean] REMOVED /opt/homebrew/var/homebrew/locks/lz4.formula.lock
[2026-03-01 22:59:24] [clean] REMOVED /opt/homebrew/var/homebrew/locks/lzo.formula.lock
[2026-03-01 22:59:24] [clean] REMOVED /opt/homebrew/var/homebrew/locks/nss.formula.lock
[2026-03-01 22:59:24] [clean] REMOVED /opt/homebrew/var/homebrew/locks/deno.formula.lock
[2026-03-01 22:59:24] [clean] REMOVED /opt/homebrew/var/homebrew/locks/glib.formula.lock
[2026-03-01 22:59:25] [clean] REMOVED /opt/homebrew/var/homebrew/locks/grep.formula.lock
[2026-03-01 22:59:25] [clean] REMOVED /opt/homebrew/var/homebrew/locks/lame.formula.lock
[2026-03-01 22:59:25] [clean] REMOVED /opt/homebrew/var/homebrew/locks/llvm.formula.lock
[2026-03-01 22:59:25] [clean] REMOVED /opt/homebrew/var/homebrew/locks/lpeg.formula.lock
[2026-03-01 22:59:25] [clean] REMOVED /opt/homebrew/var/homebrew/locks/lzip.formula.lock
[2026-03-01 22:59:25] [clean] REMOVED /opt/homebrew/var/homebrew/locks/make.formula.lock
[2026-03-01 22:59:25] [clean] REMOVED /opt/homebrew/var/homebrew/locks/mpfr.formula.lock
[2026-03-01 22:59:25] [clean] REMOVED /opt/homebrew/var/homebrew/locks/nasm.formula.lock
[2026-03-01 22:59:25] [clean] REMOVED /opt/homebrew/var/homebrew/locks/node.formula.lock
[2026-03-01 22:59:25] [clean] REMOVED /opt/homebrew/var/homebrew/locks/npth.formula.lock
[2026-03-01 22:59:25] [clean] REMOVED /opt/homebrew/var/homebrew/locks/nspr.formula.lock
[2026-03-01 22:59:25] [clean] REMOVED /opt/homebrew/var/homebrew/locks/opus.formula.lock
[2026-03-01 22:59:25] [clean] REMOVED /opt/homebrew/var/homebrew/locks/ruby.formula.lock
[2026-03-01 22:59:25] [clean] REMOVED /opt/homebrew/var/homebrew/locks/rust.formula.lock
[2026-03-01 22:59:25] [clean] REMOVED /opt/homebrew/var/homebrew/locks/sdl2.formula.lock
[2026-03-01 22:59:25] [clean] REMOVED /opt/homebrew/var/homebrew/locks/swig.formula.lock
[2026-03-01 22:59:25] [clean] REMOVED /opt/homebrew/var/homebrew/locks/webp.formula.lock
[2026-03-01 22:59:25] [clean] REMOVED /opt/homebrew/var/homebrew/locks/x264.formula.lock
[2026-03-01 22:59:25] [clean] REMOVED /opt/homebrew/var/homebrew/locks/x265.formula.lock
[2026-03-01 22:59:25] [clean] REMOVED /opt/homebrew/var/homebrew/locks/zstd.formula.lock
[2026-03-01 22:59:25] [clean] REMOVED /opt/homebrew/var/homebrew/locks/bison.formula.lock
[2026-03-01 22:59:25] [clean] REMOVED /opt/homebrew/var/homebrew/locks/boost.formula.lock
[2026-03-01 22:59:25] [clean] REMOVED /opt/homebrew/var/homebrew/locks/cairo.formula.lock
[2026-03-01 22:59:25] [clean] REMOVED /opt/homebrew/var/homebrew/locks/chafa.formula.lock
[2026-03-01 22:59:25] [clean] REMOVED /opt/homebrew/var/homebrew/locks/cmake.formula.lock
[2026-03-01 22:59:25] [clean] REMOVED /opt/homebrew/var/homebrew/locks/dav1d.formula.lock
[2026-03-01 22:59:25] [clean] REMOVED /opt/homebrew/var/homebrew/locks/gnupg.formula.lock
[2026-03-01 22:59:25] [clean] REMOVED /opt/homebrew/var/homebrew/locks/gpgme.formula.lock
[2026-03-01 22:59:25] [clean] REMOVED /opt/homebrew/var/homebrew/locks/hwloc.formula.lock
[2026-03-01 22:59:25] [clean] REMOVED /opt/homebrew/var/homebrew/locks/imath.formula.lock
[2026-03-01 22:59:25] [clean] REMOVED /opt/homebrew/var/homebrew/locks/libb2.formula.lock
[2026-03-01 22:59:25] [clean] REMOVED /opt/homebrew/var/homebrew/locks/libuv.formula.lock
[2026-03-01 22:59:25] [clean] REMOVED /opt/homebrew/var/homebrew/locks/meson.formula.lock
[2026-03-01 22:59:25] [clean] REMOVED /opt/homebrew/var/homebrew/locks/ninja.formula.lock
[2026-03-01 22:59:25] [clean] REMOVED /opt/homebrew/var/homebrew/locks/pango.formula.lock
[2026-03-01 22:59:25] [clean] REMOVED /opt/homebrew/var/homebrew/locks/pcre2.formula.lock
[2026-03-01 22:59:25] [clean] REMOVED /opt/homebrew/var/homebrew/locks/xmlto.formula.lock
[2026-03-01 22:59:25] [clean] REMOVED /opt/homebrew/var/homebrew/locks/brotli.formula.lock
[2026-03-01 22:59:25] [clean] REMOVED /opt/homebrew/var/homebrew/locks/c-ares.formula.lock
[2026-03-01 22:59:25] [clean] REMOVED /opt/homebrew/var/homebrew/locks/giflib.formula.lock
[2026-03-01 22:59:25] [clean] REMOVED /opt/homebrew/var/homebrew/locks/gnutls.formula.lock
[2026-03-01 22:59:25] [clean] REMOVED /opt/homebrew/var/homebrew/locks/libmpc.formula.lock
[2026-03-01 22:59:25] [clean] REMOVED /opt/homebrew/var/homebrew/locks/libomp.formula.lock
[2026-03-01 22:59:25] [clean] REMOVED /opt/homebrew/var/homebrew/locks/libpng.formula.lock
[2026-03-01 22:59:25] [clean] REMOVED /opt/homebrew/var/homebrew/locks/libusb.formula.lock
[2026-03-01 22:59:26] [clean] REMOVED /opt/homebrew/var/homebrew/locks/libvpx.formula.lock
[2026-03-01 22:59:26] [clean] REMOVED /opt/homebrew/var/homebrew/locks/libx11.formula.lock
[2026-03-01 22:59:26] [clean] REMOVED /opt/homebrew/var/homebrew/locks/libxau.formula.lock
[2026-03-01 22:59:26] [clean] REMOVED /opt/homebrew/var/homebrew/locks/libxcb.formula.lock
[2026-03-01 22:59:26] [clean] REMOVED /opt/homebrew/var/homebrew/locks/llhttp.formula.lock
[2026-03-01 22:59:26] [clean] REMOVED /opt/homebrew/var/homebrew/locks/luajit.formula.lock
[2026-03-01 22:59:26] [clean] REMOVED /opt/homebrew/var/homebrew/locks/nettle.formula.lock
[2026-03-01 22:59:26] [clean] REMOVED /opt/homebrew/var/homebrew/locks/pixman.formula.lock
[2026-03-01 22:59:26] [clean] REMOVED /opt/homebrew/var/homebrew/locks/sqlite.formula.lock
[2026-03-01 22:59:26] [clean] REMOVED /opt/homebrew/var/homebrew/locks/uvwasi.formula.lock
[2026-03-01 22:59:26] [clean] REMOVED /opt/homebrew/var/homebrew/locks/xtrans.formula.lock
[2026-03-01 22:59:26] [clean] REMOVED /opt/homebrew/var/homebrew/locks/yyjson.formula.lock
[2026-03-01 22:59:26] [clean] REMOVED /opt/homebrew/var/homebrew/locks/ada-url.formula.lock
[2026-03-01 22:59:26] [clean] REMOVED /opt/homebrew/var/homebrew/locks/cargo-c.formula.lock
[2026-03-01 22:59:26] [clean] REMOVED /opt/homebrew/var/homebrew/locks/certifi.formula.lock
[2026-03-01 22:59:26] [clean] REMOVED /opt/homebrew/var/homebrew/locks/cxxopts.formula.lock
[2026-03-01 22:59:26] [clean] REMOVED /opt/homebrew/var/homebrew/locks/docbook.formula.lock
[2026-03-01 22:59:26] [clean] REMOVED /opt/homebrew/var/homebrew/locks/doxygen.formula.lock
[2026-03-01 22:59:26] [clean] REMOVED /opt/homebrew/var/homebrew/locks/fribidi.formula.lock
[2026-03-01 22:59:26] [clean] REMOVED /opt/homebrew/var/homebrew/locks/gettext.formula.lock
[2026-03-01 22:59:26] [clean] REMOVED /opt/homebrew/var/homebrew/locks/gnu-sed.formula.lock
[2026-03-01 22:59:26] [clean] REMOVED /opt/homebrew/var/homebrew/locks/gpgmepp.formula.lock
[2026-03-01 22:59:26] [clean] REMOVED /opt/homebrew/var/homebrew/locks/highway.formula.lock
[2026-03-01 22:59:26] [clean] REMOVED /opt/homebrew/var/homebrew/locks/itstool.formula.lock
[2026-03-01 22:59:26] [clean] REMOVED /opt/homebrew/var/homebrew/locks/jpeg-xl.formula.lock
[2026-03-01 22:59:26] [clean] REMOVED /opt/homebrew/var/homebrew/locks/libavif.formula.lock
[2026-03-01 22:59:26] [clean] REMOVED /opt/homebrew/var/homebrew/locks/libgit2.formula.lock
[2026-03-01 22:59:26] [clean] REMOVED /opt/homebrew/var/homebrew/locks/libheif.formula.lock
[2026-03-01 22:59:26] [clean] REMOVED /opt/homebrew/var/homebrew/locks/libidn2.formula.lock
[2026-03-01 22:59:26] [clean] REMOVED /opt/homebrew/var/homebrew/locks/libksba.formula.lock
[2026-03-01 22:59:26] [clean] REMOVED /opt/homebrew/var/homebrew/locks/librsvg.formula.lock
[2026-03-01 22:59:26] [clean] REMOVED /opt/homebrew/var/homebrew/locks/libssh2.formula.lock
[2026-03-01 22:59:26] [clean] REMOVED /opt/homebrew/var/homebrew/locks/libthai.formula.lock
[2026-03-01 22:59:26] [clean] REMOVED /opt/homebrew/var/homebrew/locks/libtiff.formula.lock
[2026-03-01 22:59:26] [clean] REMOVED /opt/homebrew/var/homebrew/locks/libtool.formula.lock
[2026-03-01 22:59:26] [clean] REMOVED /opt/homebrew/var/homebrew/locks/libvmaf.formula.lock
[2026-03-01 22:59:26] [clean] REMOVED /opt/homebrew/var/homebrew/locks/libxext.formula.lock
[2026-03-01 22:59:26] [clean] REMOVED /opt/homebrew/var/homebrew/locks/libxml2.formula.lock
[2026-03-01 22:59:26] [clean] REMOVED /opt/homebrew/var/homebrew/locks/libyaml.formula.lock
[2026-03-01 22:59:26] [clean] REMOVED /opt/homebrew/var/homebrew/locks/mongosh.formula.lock
[2026-03-01 22:59:26] [clean] REMOVED /opt/homebrew/var/homebrew/locks/openexr.formula.lock
[2026-03-01 22:59:26] [clean] REMOVED /opt/homebrew/var/homebrew/locks/openjph.formula.lock
[2026-03-01 22:59:26] [clean] REMOVED /opt/homebrew/var/homebrew/locks/p11-kit.formula.lock
[2026-03-01 22:59:26] [clean] REMOVED /opt/homebrew/var/homebrew/locks/pkgconf.formula.lock
[2026-03-01 22:59:27] [clean] REMOVED /opt/homebrew/var/homebrew/locks/ripgrep.formula.lock
[2026-03-01 22:59:27] [clean] REMOVED /opt/homebrew/var/homebrew/locks/svt-av1.formula.lock
[2026-03-01 22:59:27] [clean] REMOVED /opt/homebrew/var/homebrew/locks/texinfo.formula.lock
[2026-03-01 22:59:27] [clean] REMOVED /opt/homebrew/var/homebrew/locks/unbound.formula.lock
[2026-03-01 22:59:27] [clean] REMOVED /opt/homebrew/var/homebrew/locks/utf8cpp.formula.lock
[2026-03-01 22:59:27] [clean] REMOVED /opt/homebrew/var/homebrew/locks/asciidoc.formula.lock
[2026-03-01 22:59:27] [clean] REMOVED /opt/homebrew/var/homebrew/locks/autoconf.formula.lock
[2026-03-01 22:59:27] [clean] REMOVED /opt/homebrew/var/homebrew/locks/automake.formula.lock
[2026-03-01 22:59:27] [clean] REMOVED /opt/homebrew/var/homebrew/locks/docutils.formula.lock
[2026-03-01 22:59:27] [clean] REMOVED /opt/homebrew/var/homebrew/locks/freetype.formula.lock
[2026-03-01 22:59:27] [clean] REMOVED /opt/homebrew/var/homebrew/locks/harfbuzz.formula.lock
[2026-03-01 22:59:27] [clean] REMOVED /opt/homebrew/var/homebrew/locks/icu4c@78.formula.lock
[2026-03-01 22:59:27] [clean] REMOVED /opt/homebrew/var/homebrew/locks/libde265.formula.lock
[2026-03-01 22:59:27] [clean] REMOVED /opt/homebrew/var/homebrew/locks/libevent.formula.lock
[2026-03-01 22:59:27] [clean] REMOVED /opt/homebrew/var/homebrew/locks/libiconv.formula.lock
[2026-03-01 22:59:27] [clean] REMOVED /opt/homebrew/var/homebrew/locks/libtasn1.formula.lock
[2026-03-01 22:59:27] [clean] REMOVED /opt/homebrew/var/homebrew/locks/libxdmcp.formula.lock
[2026-03-01 22:59:27] [clean] REMOVED /opt/homebrew/var/homebrew/locks/open-mpi.formula.lock
[2026-03-01 22:59:27] [clean] REMOVED /opt/homebrew/var/homebrew/locks/openjpeg.formula.lock
[2026-03-01 22:59:27] [clean] REMOVED /opt/homebrew/var/homebrew/locks/pinentry.formula.lock
[2026-03-01 22:59:27] [clean] REMOVED /opt/homebrew/var/homebrew/locks/py3cairo.formula.lock
[2026-03-01 22:59:27] [clean] REMOVED /opt/homebrew/var/homebrew/locks/readline.formula.lock
[2026-03-01 22:59:27] [clean] REMOVED /opt/homebrew/var/homebrew/locks/simdjson.formula.lock
[2026-03-01 22:59:27] [clean] REMOVED /opt/homebrew/var/homebrew/locks/utf8proc.formula.lock
[2026-03-01 22:59:27] [clean] REMOVED /opt/homebrew/var/homebrew/locks/go-md2man.formula.lock
[2026-03-01 22:59:27] [clean] REMOVED /opt/homebrew/var/homebrew/locks/graphite2.formula.lock
[2026-03-01 22:59:27] [clean] REMOVED /opt/homebrew/var/homebrew/locks/libassuan.formula.lock
[2026-03-01 22:59:27] [clean] REMOVED /opt/homebrew/var/homebrew/locks/libdatrie.formula.lock
[2026-03-01 22:59:27] [clean] REMOVED /opt/homebrew/var/homebrew/locks/libgcrypt.formula.lock
[2026-03-01 22:59:27] [clean] REMOVED /opt/homebrew/var/homebrew/locks/libngtcp2.formula.lock
[2026-03-01 22:59:27] [clean] REMOVED /opt/homebrew/var/homebrew/locks/mpdecimal.formula.lock
[2026-03-01 22:59:27] [clean] REMOVED /opt/homebrew/var/homebrew/locks/openssl@3.formula.lock
[2026-03-01 22:59:27] [clean] REMOVED /opt/homebrew/var/homebrew/locks/unibilium.formula.lock
[2026-03-01 22:59:27] [clean] REMOVED /opt/homebrew/var/homebrew/locks/xcb-proto.formula.lock
[2026-03-01 22:59:27] [clean] REMOVED /opt/homebrew/var/homebrew/locks/xorgproto.formula.lock
[2026-03-01 22:59:27] [clean] REMOVED /opt/homebrew/var/homebrew/locks/fontconfig.formula.lock
[2026-03-01 22:59:27] [clean] REMOVED /opt/homebrew/var/homebrew/locks/gdk-pixbuf.formula.lock
[2026-03-01 22:59:27] [clean] REMOVED /opt/homebrew/var/homebrew/locks/gnu-getopt.formula.lock
[2026-03-01 22:59:27] [clean] REMOVED /opt/homebrew/var/homebrew/locks/jpeg-turbo.formula.lock
[2026-03-01 22:59:27] [clean] REMOVED /opt/homebrew/var/homebrew/locks/libdeflate.formula.lock
[2026-03-01 22:59:27] [clean] REMOVED /opt/homebrew/var/homebrew/locks/libnghttp2.formula.lock
[2026-03-01 22:59:27] [clean] REMOVED /opt/homebrew/var/homebrew/locks/libnghttp3.formula.lock
[2026-03-01 22:59:27] [clean] REMOVED /opt/homebrew/var/homebrew/locks/libxrender.formula.lock
[2026-03-01 22:59:28] [clean] REMOVED /opt/homebrew/var/homebrew/locks/pygobject3.formula.lock
[2026-03-01 22:59:28] [clean] REMOVED /opt/homebrew/var/homebrew/locks/sphinx-doc.formula.lock
[2026-03-01 22:59:28] [clean] REMOVED /opt/homebrew/var/homebrew/locks/asciidoctor.formula.lock
[2026-03-01 22:59:28] [clean] REMOVED /opt/homebrew/var/homebrew/locks/docbook-xsl.formula.lock
[2026-03-01 22:59:28] [clean] REMOVED /opt/homebrew/var/homebrew/locks/imagemagick.formula.lock
[2026-03-01 22:59:28] [clean] REMOVED /opt/homebrew/var/homebrew/locks/little-cms2.formula.lock
[2026-03-01 22:59:28] [clean] REMOVED /opt/homebrew/var/homebrew/locks/python@3.12.formula.lock
[2026-03-01 22:59:28] [clean] REMOVED /opt/homebrew/var/homebrew/locks/python@3.13.formula.lock
[2026-03-01 22:59:28] [clean] REMOVED /opt/homebrew/var/homebrew/locks/python@3.14.formula.lock
[2026-03-01 22:59:28] [clean] REMOVED /opt/homebrew/var/homebrew/locks/util-macros.formula.lock
[2026-03-01 22:59:28] [clean] REMOVED /opt/homebrew/var/homebrew/locks/libgpg-error.formula.lock
[2026-03-01 22:59:28] [clean] REMOVED /opt/homebrew/var/homebrew/locks/libunistring.formula.lock
[2026-03-01 22:59:28] [clean] REMOVED /opt/homebrew/var/homebrew/locks/vulkan-loader.formula.lock
[2026-03-01 22:59:28] [clean] REMOVED /opt/homebrew/var/homebrew/locks/hdrhistogram_c.formula.lock
[2026-03-01 22:59:28] [clean] REMOVED /opt/homebrew/var/homebrew/locks/vulkan-headers.formula.lock
[2026-03-01 22:59:28] [clean] REMOVED /opt/homebrew/var/homebrew/locks/ca-certificates.formula.lock
[2026-03-01 22:59:28] [clean] REMOVED /opt/homebrew/var/homebrew/locks/shared-mime-info.formula.lock
[2026-03-01 22:59:28] [clean] REMOVED /opt/homebrew/var/homebrew/locks/source-highlight.formula.lock
[2026-03-01 22:59:28] [clean] REMOVED /opt/homebrew/var/homebrew/locks/tree-sitter@0.25.formula.lock
[2026-03-01 22:59:28] [clean] REMOVED /opt/homebrew/var/homebrew/locks/docker-completion.formula.lock
[2026-03-01 22:59:28] [clean] REMOVED /opt/homebrew/var/homebrew/locks/python-setuptools.formula.lock
[2026-03-01 22:59:28] [clean] REMOVED /opt/homebrew/var/homebrew/locks/gobject-introspection.formula.lock
[2026-03-01 22:59:28] [clean] REMOVED /opt/homebrew/var/homebrew/locks/mongodb-database-tools.formula.lock
[2026-03-01 22:59:50] [clean] SKIPPED /Users/prashantkoirala/Library/Caches/com.tencent.xinWeChat/org.sparkle-project.Sparkle (protected)
[2026-03-01 22:59:50] [clean] SKIPPED /Users/prashantkoirala/Library/Caches/com.apple.Music (protected)
[2026-03-01 22:59:50] [clean] SKIPPED /Users/prashantkoirala/Library/Caches/com.apple.podcasts (protected)
[2026-03-01 22:59:50] [clean] SKIPPED /Users/prashantkoirala/Library/Containers/com.apple.podcasts/Data/tmp/StreamedMedia (protected)
[2026-03-01 22:59:50] [clean] SKIPPED /Users/prashantkoirala/Library/Containers/com.apple.podcasts/Data/tmp/006BEB90-086E-42EA-8B34-05A7A4BD670B.tmp.resize.heic (protected)
[2026-03-01 22:59:50] [clean] SKIPPED /Users/prashantkoirala/Library/Containers/com.apple.podcasts/Data/tmp/007E2D7E-9C6A-40AA-95AB-F2E78630DF59.tmp.resize.heic (protected)
[2026-03-01 22:59:50] [clean] SKIPPED /Users/prashantkoirala/Library/Containers/com.apple.podcasts/Data/tmp/04C341A9-12A4-482E-8332-7B0744594133.tmp.resize.heic (protected)
[2026-03-01 22:59:50] [clean] SKIPPED /Users/prashantkoirala/Library/Containers/com.apple.podcasts/Data/tmp/09ED325B-BD86-4802-BA76-8686EF10DA76.tmp.resize.heic (protected)
[2026-03-01 22:59:50] [clean] SKIPPED /Users/prashantkoirala/Library/Containers/com.apple.podcasts/Data/tmp/0FB77AF5-5B57-417F-9219-5A08BFA0C1DA.tmp.resize.heic (protected)
[2026-03-01 22:59:50] [clean] SKIPPED /Users/prashantkoirala/Library/Containers/com.apple.podcasts/Data/tmp/14D11250-9F52-4365-94D9-86959CE171F6.tmp.resize.heic (protected)
[2026-03-01 22:59:50] [clean] SKIPPED /Users/prashantkoirala/Library/Containers/com.apple.podcasts/Data/tmp/160BCD41-6228-42BE-8498-2F774ADD48BC.tmp.format.heic (protected)
[2026-03-01 22:59:50] [clean] SKIPPED /Users/prashantkoirala/Library/Containers/com.apple.podcasts/Data/tmp/17FACB10-9F86-4317-BF3D-88A77B11E522.tmp.resize.heic (protected)
[2026-03-01 22:59:50] [clean] SKIPPED /Users/prashantkoirala/Library/Containers/com.apple.podcasts/Data/tmp/1856C346-2A0D-436E-8EC0-8CD91B1A0FEA.tmp.format.heic (protected)
[2026-03-01 22:59:50] [clean] SKIPPED /Users/prashantkoirala/Library/Containers/com.apple.podcasts/Data/tmp/19DFE066-93EC-4C58-962E-B45AC744949F.tmp.resize.heic (protected)
[2026-03-01 22:59:50] [clean] SKIPPED /Users/prashantkoirala/Library/Containers/com.apple.podcasts/Data/tmp/1AD26813-91BE-4358-AB37-3510E00E3069.tmp.resize.heic (protected)
[2026-03-01 22:59:50] [clean] SKIPPED /Users/prashantkoirala/Library/Containers/com.apple.podcasts/Data/tmp/1BE33F85-B3F9-4AC1-A1DC-7BA5614CC01A.tmp.resize.heic (protected)
[2026-03-01 22:59:50] [clean] SKIPPED /Users/prashantkoirala/Library/Containers/com.apple.podcasts/Data/tmp/1E50747E-B2C1-4E9C-A557-1A345AF8DFF4.tmp.resize.heic (protected)
[2026-03-01 22:59:50] [clean] SKIPPED /Users/prashantkoirala/Library/Containers/com.apple.podcasts/Data/tmp/20EDB8F5-98EB-4A7C-866E-A499CDBBE531.tmp.resize.heic (protected)
[2026-03-01 22:59:50] [clean] SKIPPED /Users/prashantkoirala/Library/Containers/com.apple.podcasts/Data/tmp/2B64BAC0-FA5A-470C-8FE0-A00B7566D9C4.tmp.resize.heic (protected)
[2026-03-01 22:59:50] [clean] SKIPPED /Users/prashantkoirala/Library/Containers/com.apple.podcasts/Data/tmp/2E11CAEA-D622-4873-B16D-728D3C18D373.tmp.resize.heic (protected)
[2026-03-01 22:59:50] [clean] SKIPPED /Users/prashantkoirala/Library/Containers/com.apple.podcasts/Data/tmp/37A1457E-D40C-4BD4-8D11-88CB5AAE3056.tmp.resize.heic (protected)
[2026-03-01 22:59:50] [clean] SKIPPED /Users/prashantkoirala/Library/Containers/com.apple.podcasts/Data/tmp/3896205A-0A01-4BDF-B28C-210FFA0217AE.tmp.resize.heic (protected)
[2026-03-01 22:59:50] [clean] SKIPPED /Users/prashantkoirala/Library/Containers/com.apple.podcasts/Data/tmp/3B008171-F3B1-443D-8C6E-E82676C5CA12.tmp.resize.heic (protected)
[2026-03-01 22:59:50] [clean] SKIPPED /Users/prashantkoirala/Library/Containers/com.apple.podcasts/Data/tmp/3EF883DB-4C47-40B4-A68D-6B5F2A6CC6BF.tmp.format.heic (protected)
[2026-03-01 22:59:50] [clean] SKIPPED /Users/prashantkoirala/Library/Containers/com.apple.podcasts/Data/tmp/408EF124-786C-4406-8D19-20F8A6B78DE5.tmp.resize.heic (protected)
[2026-03-01 22:59:50] [clean] SKIPPED /Users/prashantkoirala/Library/Containers/com.apple.podcasts/Data/tmp/4576199D-D201-49F4-A545-A6AF9C3EB345.tmp.resize.heic (protected)
[2026-03-01 22:59:50] [clean] SKIPPED /Users/prashantkoirala/Library/Containers/com.apple.podcasts/Data/tmp/47D37337-E9B7-4C60-A528-9881CF3250B2.tmp.resize.heic (protected)
[2026-03-01 22:59:50] [clean] SKIPPED /Users/prashantkoirala/Library/Containers/com.apple.podcasts/Data/tmp/48458D6C-98C0-4202-81FE-191B2BF90D6A.tmp.resize.heic (protected)
[2026-03-01 22:59:50] [clean] SKIPPED /Users/prashantkoirala/Library/Containers/com.apple.podcasts/Data/tmp/4C7B518E-2E49-421F-A01F-09BD255000D3.tmp.resize.heic (protected)
[2026-03-01 22:59:50] [clean] SKIPPED /Users/prashantkoirala/Library/Containers/com.apple.podcasts/Data/tmp/4D3FE70C-6BEB-4380-B1C9-7F87E495EE27.tmp.format.heic (protected)
[2026-03-01 22:59:50] [clean] SKIPPED /Users/prashantkoirala/Library/Containers/com.apple.podcasts/Data/tmp/4DEF4F77-8940-44C5-81F0-9495861EA0EA.tmp.resize.heic (protected)
[2026-03-01 22:59:50] [clean] SKIPPED /Users/prashantkoirala/Library/Containers/com.apple.podcasts/Data/tmp/4E92B2BD-20C9-4B12-85B5-3DA1D1072F44.tmp.resize.heic (protected)
[2026-03-01 22:59:50] [clean] SKIPPED /Users/prashantkoirala/Library/Containers/com.apple.podcasts/Data/tmp/5598FA4F-8439-4A3E-90A9-68D82D5512D0.tmp.resize.heic (protected)
[2026-03-01 22:59:50] [clean] SKIPPED /Users/prashantkoirala/Library/Containers/com.apple.podcasts/Data/tmp/5A33BD16-4B48-4A0F-A5F6-E5A854F2F19D.tmp.resize.heic (protected)
[2026-03-01 22:59:50] [clean] SKIPPED /Users/prashantkoirala/Library/Containers/com.apple.podcasts/Data/tmp/5B8B3131-7B7A-4CCB-B8EA-4E3C2249F4D7.tmp.format.heic (protected)
[2026-03-01 22:59:50] [clean] SKIPPED /Users/prashantkoirala/Library/Containers/com.apple.podcasts/Data/tmp/5C5989C1-3480-45E8-81CE-CCEDBEE29699.tmp.resize.heic (protected)
[2026-03-01 22:59:50] [clean] SKIPPED /Users/prashantkoirala/Library/Containers/com.apple.podcasts/Data/tmp/5DEF0D4E-E8C4-46D9-BAEA-AB099BDBF4FA.tmp.resize.heic (protected)
[2026-03-01 22:59:50] [clean] SKIPPED /Users/prashantkoirala/Library/Containers/com.apple.podcasts/Data/tmp/642944F0-1EF8-42C0-AFAC-E6BC90DE8987.tmp.resize.heic (protected)
[2026-03-01 22:59:50] [clean] SKIPPED /Users/prashantkoirala/Library/Containers/com.apple.podcasts/Data/tmp/64A1A52E-292B-4A71-8B4A-D9B54686F17F.tmp.format.heic (protected)
[2026-03-01 22:59:50] [clean] SKIPPED /Users/prashantkoirala/Library/Containers/com.apple.podcasts/Data/tmp/6C43B2BD-D857-43AB-86C6-3EF5FA0C3C64.tmp.resize.heic (protected)
[2026-03-01 22:59:50] [clean] SKIPPED /Users/prashantkoirala/Library/Containers/com.apple.podcasts/Data/tmp/745EEA44-E0A3-4F0B-BF05-7E179D160097.tmp.format.heic (protected)
[2026-03-01 22:59:50] [clean] SKIPPED /Users/prashantkoirala/Library/Containers/com.apple.podcasts/Data/tmp/81F8C261-A33B-4CD5-8053-7F0CCFB663DF.tmp.resize.heic (protected)
[2026-03-01 22:59:50] [clean] SKIPPED /Users/prashantkoirala/Library/Containers/com.apple.podcasts/Data/tmp/854E386B-BBD1-49EA-B07B-204DE407A223.tmp.resize.heic (protected)
[2026-03-01 22:59:50] [clean] SKIPPED /Users/prashantkoirala/Library/Containers/com.apple.podcasts/Data/tmp/90F5A1F9-7C07-466E-8C76-4DFCCBCF80F4.tmp.resize.heic (protected)
[2026-03-01 22:59:50] [clean] SKIPPED /Users/prashantkoirala/Library/Containers/com.apple.podcasts/Data/tmp/94BB8336-C807-4AA8-8D86-3C89024A9815.tmp.resize.heic (protected)
[2026-03-01 22:59:50] [clean] SKIPPED /Users/prashantkoirala/Library/Containers/com.apple.podcasts/Data/tmp/97A6F91B-E969-4D5E-81CD-FF968BEF57DC.tmp.resize.heic (protected)
[2026-03-01 22:59:50] [clean] SKIPPED /Users/prashantkoirala/Library/Containers/com.apple.podcasts/Data/tmp/984932DF-315D-425E-9AC1-687695967100.tmp.resize.heic (protected)
[2026-03-01 22:59:50] [clean] SKIPPED /Users/prashantkoirala/Library/Containers/com.apple.podcasts/Data/tmp/9873DFB6-CA4B-48D0-A77D-B0530DE4DFEF.tmp.resize.heic (protected)
[2026-03-01 22:59:50] [clean] SKIPPED /Users/prashantkoirala/Library/Containers/com.apple.podcasts/Data/tmp/99E53A93-A94E-452F-82F9-B049DF67AF08.tmp.resize.heic (protected)
[2026-03-01 22:59:50] [clean] SKIPPED /Users/prashantkoirala/Library/Containers/com.apple.podcasts/Data/tmp/A57F02D5-E244-4107-8ACF-FEFC1194A286.tmp.resize.heic (protected)
[2026-03-01 22:59:51] [clean] SKIPPED /Users/prashantkoirala/Library/Containers/com.apple.podcasts/Data/tmp/A5B9D3B5-694A-4EF2-AD14-B41EC52752DF.tmp.format.heic (protected)
[2026-03-01 22:59:51] [clean] SKIPPED /Users/prashantkoirala/Library/Containers/com.apple.podcasts/Data/tmp/A632EC8B-1B4E-4845-B400-BD4B57D41F62.tmp.resize.heic (protected)
[2026-03-01 22:59:51] [clean] SKIPPED /Users/prashantkoirala/Library/Containers/com.apple.podcasts/Data/tmp/A91E93B7-4BDB-41FC-A655-BA14394DE362.tmp.resize.heic (protected)
[2026-03-01 22:59:51] [clean] SKIPPED /Users/prashantkoirala/Library/Containers/com.apple.podcasts/Data/tmp/AACB0E9B-77F9-4897-98AE-6180091908B0.tmp.resize.heic (protected)
[2026-03-01 22:59:51] [clean] SKIPPED /Users/prashantkoirala/Library/Containers/com.apple.podcasts/Data/tmp/AC2EADF5-75DC-4B5C-87AF-0AEBD4217DF2.tmp.format.heic (protected)
[2026-03-01 22:59:51] [clean] SKIPPED /Users/prashantkoirala/Library/Containers/com.apple.podcasts/Data/tmp/AFEFC738-B4F2-44CF-8C95-2F9ADDDD1B09.tmp.resize.heic (protected)
[2026-03-01 22:59:51] [clean] SKIPPED /Users/prashantkoirala/Library/Containers/com.apple.podcasts/Data/tmp/B2DF23D6-46AB-49E3-BC6C-058C9E011D2E.tmp.resize.heic (protected)
[2026-03-01 22:59:51] [clean] SKIPPED /Users/prashantkoirala/Library/Containers/com.apple.podcasts/Data/tmp/B5D52C7F-30D0-49C3-B500-D7AB077962A9.tmp.resize.heic (protected)
[2026-03-01 22:59:51] [clean] SKIPPED /Users/prashantkoirala/Library/Containers/com.apple.podcasts/Data/tmp/B6E758A9-ECC9-41EB-80C4-A4AFD7996242.tmp.format.heic (protected)
[2026-03-01 22:59:51] [clean] SKIPPED /Users/prashantkoirala/Library/Containers/com.apple.podcasts/Data/tmp/BC5DCC6A-06A2-4667-BE0F-38CC1B5D5435.tmp.resize.heic (protected)
[2026-03-01 22:59:51] [clean] SKIPPED /Users/prashantkoirala/Library/Containers/com.apple.podcasts/Data/tmp/C6DF41E5-886F-40C0-943C-794D065FBFB0.tmp.resize.heic (protected)
[2026-03-01 22:59:51] [clean] SKIPPED /Users/prashantkoirala/Library/Containers/com.apple.podcasts/Data/tmp/D55193A9-3D9B-496C-9549-6B9146052B2E.tmp.resize.heic (protected)
[2026-03-01 22:59:51] [clean] SKIPPED /Users/prashantkoirala/Library/Containers/com.apple.podcasts/Data/tmp/D5674677-6990-45AC-B702-64DE0C4C42BD.tmp.format.heic (protected)
[2026-03-01 22:59:51] [clean] SKIPPED /Users/prashantkoirala/Library/Containers/com.apple.podcasts/Data/tmp/D759F544-5240-4D6B-8150-B5E7C6BB098C.tmp.resize.heic (protected)
[2026-03-01 22:59:51] [clean] SKIPPED /Users/prashantkoirala/Library/Containers/com.apple.podcasts/Data/tmp/DAC787BF-92E3-4CAF-8B89-803E264D1D61.tmp.resize.heic (protected)
[2026-03-01 22:59:51] [clean] SKIPPED /Users/prashantkoirala/Library/Containers/com.apple.podcasts/Data/tmp/DC0F62EF-ACF8-4981-BB1F-E892BC3E0AFD.tmp.resize.heic (protected)
[2026-03-01 22:59:51] [clean] SKIPPED /Users/prashantkoirala/Library/Containers/com.apple.podcasts/Data/tmp/DC5CF917-DA56-4C79-99E6-104BB3ACFCFC.tmp.resize.heic (protected)
[2026-03-01 22:59:51] [clean] SKIPPED /Users/prashantkoirala/Library/Containers/com.apple.podcasts/Data/tmp/DF01719A-6540-4AB4-84B7-057E27609B5A.tmp.resize.heic (protected)
[2026-03-01 22:59:51] [clean] SKIPPED /Users/prashantkoirala/Library/Containers/com.apple.podcasts/Data/tmp/E45F011C-1CB9-4E6B-B2B8-67171B8D81CE.tmp.format.heic (protected)
[2026-03-01 22:59:51] [clean] SKIPPED /Users/prashantkoirala/Library/Containers/com.apple.podcasts/Data/tmp/F939B576-A80B-4784-9ADC-BD4491C441D9.tmp.resize.heic (protected)
[2026-03-01 22:59:51] [clean] SKIPPED /Users/prashantkoirala/Library/Containers/com.apple.podcasts/Data/tmp/FADFAF83-E747-4D98-AAFB-E6AC45DDE824.tmp.resize.heic (protected)
[2026-03-01 22:59:51] [clean] SKIPPED /Users/prashantkoirala/Library/Containers/com.apple.podcasts/Data/tmp/FF180E8C-00CB-464E-9324-1C26F256D397.tmp.resize.heic (protected)
[2026-03-01 22:59:51] [clean] SKIPPED /Users/prashantkoirala/Library/Containers/com.apple.podcasts/Data/tmp/075FCABA-3283-42C9-9757-7D4417E2E868.tmp.resize.img (protected)
[2026-03-01 22:59:51] [clean] SKIPPED /Users/prashantkoirala/Library/Containers/com.apple.podcasts/Data/tmp/0DCED198-9223-4D83-87AD-5C23F6250ED9.tmp.resize.img (protected)
[2026-03-01 22:59:51] [clean] SKIPPED /Users/prashantkoirala/Library/Containers/com.apple.podcasts/Data/tmp/14CC2513-6163-462C-BB6C-DAEBAC549800.tmp.resize.img (protected)
[2026-03-01 22:59:51] [clean] SKIPPED /Users/prashantkoirala/Library/Containers/com.apple.podcasts/Data/tmp/196424AA-3039-4777-88E4-079C7E833043.tmp.resize.img (protected)
[2026-03-01 22:59:51] [clean] SKIPPED /Users/prashantkoirala/Library/Containers/com.apple.podcasts/Data/tmp/1AF14A25-2108-4ECF-B80B-2BBD54B7B688.tmp.resize.img (protected)
[2026-03-01 22:59:51] [clean] SKIPPED /Users/prashantkoirala/Library/Containers/com.apple.podcasts/Data/tmp/1B683F38-4AA6-4520-90E2-B42717883FE1.tmp.resize.img (protected)
[2026-03-01 22:59:51] [clean] SKIPPED /Users/prashantkoirala/Library/Containers/com.apple.podcasts/Data/tmp/1BAAE6D7-1E73-4445-85C3-77D6E71993AD.tmp.resize.img (protected)
[2026-03-01 22:59:51] [clean] SKIPPED /Users/prashantkoirala/Library/Containers/com.apple.podcasts/Data/tmp/2755BA0B-D5D0-4B5D-AECE-36F868B630FE.tmp.resize.img (protected)
[2026-03-01 22:59:51] [clean] SKIPPED /Users/prashantkoirala/Library/Containers/com.apple.podcasts/Data/tmp/2F31E907-3202-4E38-AF2A-0DBA5C342A2E.tmp.resize.img (protected)
[2026-03-01 22:59:51] [clean] SKIPPED /Users/prashantkoirala/Library/Containers/com.apple.podcasts/Data/tmp/3016A61A-F55A-4BC8-9966-B1D80D7FD54D.tmp.resize.img (protected)
[2026-03-01 22:59:51] [clean] SKIPPED /Users/prashantkoirala/Library/Containers/com.apple.podcasts/Data/tmp/3660A660-6FC7-4463-894E-FEF9BF34AC7E.tmp.resize.img (protected)
[2026-03-01 22:59:51] [clean] SKIPPED /Users/prashantkoirala/Library/Containers/com.apple.podcasts/Data/tmp/36C59DDE-616A-44EB-BBA2-D554ADBE93E7.tmp.resize.img (protected)
[2026-03-01 22:59:51] [clean] SKIPPED /Users/prashantkoirala/Library/Containers/com.apple.podcasts/Data/tmp/39AA3418-F9BD-45F7-9843-93D47C614FF1.tmp.resize.img (protected)
[2026-03-01 22:59:51] [clean] SKIPPED /Users/prashantkoirala/Library/Containers/com.apple.podcasts/Data/tmp/42DEA890-6451-49A7-9609-6F47EDA157E9.tmp.resize.img (protected)
[2026-03-01 22:59:51] [clean] SKIPPED /Users/prashantkoirala/Library/Containers/com.apple.podcasts/Data/tmp/4510BFF9-CF54-48D5-893B-3F222B9A073B.tmp.resize.img (protected)
[2026-03-01 22:59:51] [clean] SKIPPED /Users/prashantkoirala/Library/Containers/com.apple.podcasts/Data/tmp/4C4040F8-3CF6-4BAD-A08C-ADDE0CBB929C.tmp.resize.img (protected)
[2026-03-01 22:59:51] [clean] SKIPPED /Users/prashantkoirala/Library/Containers/com.apple.podcasts/Data/tmp/5B5C523D-8621-469A-BE01-1C54B138469C.tmp.resize.img (protected)
[2026-03-01 22:59:51] [clean] SKIPPED /Users/prashantkoirala/Library/Containers/com.apple.podcasts/Data/tmp/5E9D620A-DA97-4929-91BE-FB3775DAB148.tmp.resize.img (protected)
[2026-03-01 22:59:51] [clean] SKIPPED /Users/prashantkoirala/Library/Containers/com.apple.podcasts/Data/tmp/65EB26E1-3590-4D4F-8FD4-B831099EC17E.tmp.resize.img (protected)
[2026-03-01 22:59:51] [clean] SKIPPED /Users/prashantkoirala/Library/Containers/com.apple.podcasts/Data/tmp/6A2F2E64-6B49-4E2F-B450-2F9F9C7518C6.tmp.resize.img (protected)
[2026-03-01 22:59:51] [clean] SKIPPED /Users/prashantkoirala/Library/Containers/com.apple.podcasts/Data/tmp/70FD7C20-256D-40BC-9E89-EF41909EB695.tmp.resize.img (protected)
[2026-03-01 22:59:51] [clean] SKIPPED /Users/prashantkoirala/Library/Containers/com.apple.podcasts/Data/tmp/7809969E-9202-43D3-9D03-8505D0FDA309.tmp.resize.img (protected)
[2026-03-01 22:59:51] [clean] SKIPPED /Users/prashantkoirala/Library/Containers/com.apple.podcasts/Data/tmp/7E7A88AE-605C-42F3-80E5-C0CEB6B3DFCF.tmp.resize.img (protected)
[2026-03-01 22:59:51] [clean] SKIPPED /Users/prashantkoirala/Library/Containers/com.apple.podcasts/Data/tmp/85F02895-E1DE-47BB-B32F-AC9EF6C7566C.tmp.resize.img (protected)
[2026-03-01 22:59:51] [clean] SKIPPED /Users/prashantkoirala/Library/Containers/com.apple.podcasts/Data/tmp/921F5D04-C9B8-49D3-AF40-43D616BF6708.tmp.resize.img (protected)
[2026-03-01 22:59:51] [clean] SKIPPED /Users/prashantkoirala/Library/Containers/com.apple.podcasts/Data/tmp/976308AD-4938-4923-89E3-635B50E46BB5.tmp.resize.img (protected)
[2026-03-01 22:59:51] [clean] SKIPPED /Users/prashantkoirala/Library/Containers/com.apple.podcasts/Data/tmp/A355E8EF-8D63-4658-91C4-4B0827503B8E.tmp.resize.img (protected)
[2026-03-01 22:59:51] [clean] SKIPPED /Users/prashantkoirala/Library/Containers/com.apple.podcasts/Data/tmp/A5CF084A-A165-41AD-9BBD-474DC64A2016.tmp.resize.img (protected)
[2026-03-01 22:59:51] [clean] SKIPPED /Users/prashantkoirala/Library/Containers/com.apple.podcasts/Data/tmp/A8E68F8E-05E9-4908-84E9-AAE1FF0584CC.tmp.resize.img (protected)
[2026-03-01 22:59:51] [clean] SKIPPED /Users/prashantkoirala/Library/Containers/com.apple.podcasts/Data/tmp/AC136DB6-BEEF-4C43-AB60-457587169472.tmp.resize.img (protected)
[2026-03-01 22:59:51] [clean] SKIPPED /Users/prashantkoirala/Library/Containers/com.apple.podcasts/Data/tmp/B064AF73-0612-4816-A5BA-178546FD1A1A.tmp.resize.img (protected)
[2026-03-01 22:59:51] [clean] SKIPPED /Users/prashantkoirala/Library/Containers/com.apple.podcasts/Data/tmp/B7243655-73F3-4C09-8AEF-A785F320A81A.tmp.resize.img (protected)
[2026-03-01 22:59:51] [clean] SKIPPED /Users/prashantkoirala/Library/Containers/com.apple.podcasts/Data/tmp/B81F92C5-733F-4AF5-94F6-C47405893D43.tmp.resize.img (protected)
[2026-03-01 22:59:51] [clean] SKIPPED /Users/prashantkoirala/Library/Containers/com.apple.podcasts/Data/tmp/BECC1433-5E2E-4E3C-B667-9A4AAE4A782C.tmp.resize.img (protected)
[2026-03-01 22:59:51] [clean] SKIPPED /Users/prashantkoirala/Library/Containers/com.apple.podcasts/Data/tmp/C1E07617-FB5B-439D-8A14-196964A6A36C.tmp.resize.img (protected)
[2026-03-01 22:59:51] [clean] SKIPPED /Users/prashantkoirala/Library/Containers/com.apple.podcasts/Data/tmp/C5823AE0-A950-4070-BA23-E804696E884D.tmp.resize.img (protected)
[2026-03-01 22:59:51] [clean] SKIPPED /Users/prashantkoirala/Library/Containers/com.apple.podcasts/Data/tmp/C94C564F-DE08-482C-AD91-871DA403649A.tmp.resize.img (protected)
[2026-03-01 22:59:51] [clean] SKIPPED /Users/prashantkoirala/Library/Containers/com.apple.podcasts/Data/tmp/C958E4CD-02A1-47B9-822B-485FEFF279ED.tmp.resize.img (protected)
[2026-03-01 22:59:51] [clean] SKIPPED /Users/prashantkoirala/Library/Containers/com.apple.podcasts/Data/tmp/CF5DE2DC-8CBD-46CC-BCB7-C3FC18F90140.tmp.resize.img (protected)
[2026-03-01 22:59:51] [clean] SKIPPED /Users/prashantkoirala/Library/Containers/com.apple.podcasts/Data/tmp/CFCC1A55-7986-4CE1-A8CF-0009EE25E9E3.tmp.resize.img (protected)
[2026-03-01 22:59:51] [clean] SKIPPED /Users/prashantkoirala/Library/Containers/com.apple.podcasts/Data/tmp/D6D5BC61-BCC0-4F58-B647-082C5CF0FE2A.tmp.resize.img (protected)
[2026-03-01 22:59:51] [clean] SKIPPED /Users/prashantkoirala/Library/Containers/com.apple.podcasts/Data/tmp/DA296C62-E9D0-497D-BAD1-E908DB921F57.tmp.resize.img (protected)
[2026-03-01 22:59:51] [clean] SKIPPED /Users/prashantkoirala/Library/Containers/com.apple.podcasts/Data/tmp/DCEA5BDF-6FE8-48E0-A32A-5CB4C0493580.tmp.resize.img (protected)
[2026-03-01 22:59:51] [clean] SKIPPED /Users/prashantkoirala/Library/Containers/com.apple.podcasts/Data/tmp/E4260B8E-6017-4F12-8FC7-E11A51533D2D.tmp.resize.img (protected)
[2026-03-01 22:59:51] [clean] SKIPPED /Users/prashantkoirala/Library/Containers/com.apple.podcasts/Data/tmp/E9C2283C-C0C1-4479-B672-7BD3A2307F2C.tmp.resize.img (protected)
[2026-03-01 22:59:51] [clean] SKIPPED /Users/prashantkoirala/Library/Containers/com.apple.podcasts/Data/tmp/ED092207-982D-4BCC-9429-947F70FA4028.tmp.resize.img (protected)
[2026-03-01 22:59:51] [clean] SKIPPED /Users/prashantkoirala/Library/Containers/com.apple.podcasts/Data/tmp/ED6BB638-42BF-4706-ACD1-EBF280434013.tmp.resize.img (protected)
[2026-03-01 22:59:51] [clean] SKIPPED /Users/prashantkoirala/Library/Containers/com.apple.podcasts/Data/tmp/F33CD22B-FDB8-414F-9CAF-77EA10529109.tmp.resize.img (protected)
[2026-03-01 22:59:51] [clean] SKIPPED /Users/prashantkoirala/Library/Containers/com.apple.podcasts/Data/tmp/F3E5CC8D-CC9A-4030-9193-7035DD70AD37.tmp.resize.img (protected)
[2026-03-01 22:59:51] [clean] SKIPPED /Users/prashantkoirala/Library/Containers/com.apple.podcasts/Data/tmp/F4E76B69-648B-4042-8B05-86658CD39D0A.tmp.resize.img (protected)
[2026-03-01 22:59:51] [clean] SKIPPED /Users/prashantkoirala/Library/Containers/com.apple.podcasts/Data/tmp/FEE4BA52-C0FE-4EAA-8393-5961E5E62EDE.tmp.resize.img (protected)
[2026-03-01 22:59:51] [clean] SKIPPED /Users/prashantkoirala/Library/Containers/com.apple.podcasts/Data/tmp/*CFNetworkDownload*.tmp (protected)
[2026-03-01 22:59:51] [clean] SKIPPED /Users/prashantkoirala/Library/Caches/tv.plex.player.desktop (protected)
[2026-03-01 22:59:51] [clean] SKIPPED /Users/prashantkoirala/Library/Caches/com.netease.163music (protected)
[2026-03-01 22:59:51] [clean] SKIPPED /Users/prashantkoirala/Library/Caches/com.colliderli.iina (protected)
[2026-03-01 22:59:51] [clean] SKIPPED /Users/prashantkoirala/Library/Caches/org.videolan.vlc (protected)
[2026-03-01 22:59:51] [clean] SKIPPED /Users/prashantkoirala/Library/Caches/io.mpv (protected)
[2026-03-01 22:59:51] [clean] SKIPPED /Users/prashantkoirala/Library/Caches/com.cleanshot.* (protected)
[2026-03-01 22:59:51] [clean] SKIPPED /Users/prashantkoirala/Library/Caches/com.reincubate.camo (protected)
[2026-03-01 22:59:51] [clean] SKIPPED /Users/prashantkoirala/Library/Caches/com.xnipapp.xnip (protected)
[2026-03-01 22:59:51] [clean] SKIPPED /Users/prashantkoirala/Library/Caches/com.readdle.smartemail-Mac (protected)
[2026-03-01 22:59:51] [clean] SKIPPED /Users/prashantkoirala/Library/Caches/com.airmail.* (protected)
[2026-03-01 22:59:51] [clean] SKIPPED /Users/prashantkoirala/Library/Caches/com.todoist.mac.Todoist (protected)
[2026-03-01 22:59:51] [clean] SKIPPED /Users/prashantkoirala/Library/Caches/com.any.do.* (protected)
[2026-03-01 22:59:51] [clean] REMOVED /Users/prashantkoirala/.zcompdump (53KB)
[2026-03-01 22:59:52] [clean] SKIPPED /Users/prashantkoirala/Library/Caches/com.vmware.fusion (protected)
[2026-03-01 22:59:52] [clean] SKIPPED /Users/prashantkoirala/Library/Caches/com.parallels.desktop.console (protected)
[2026-03-01 22:59:52] [clean] REMOVED /Users/prashantkoirala/Library/Application Support/GitHub Desktop/logs/2026-02-22.desktop.production.log (37KB)
[2026-03-01 22:59:52] [clean] REMOVED /Users/prashantkoirala/Library/Application Support/GitHub Desktop/logs/2026-03-01.desktop.production.log (29KB)
[2026-03-01 22:59:52] [clean] REMOVED /Users/prashantkoirala/Library/Application Support/GitHub Desktop/logs/2026-02-19.desktop.production.log (16KB)
[2026-03-01 22:59:52] [clean] REMOVED /Users/prashantkoirala/Library/Application Support/GitHub Desktop/logs/2026-02-13.desktop.production.log (16KB)
[2026-03-01 22:59:52] [clean] REMOVED /Users/prashantkoirala/Library/Application Support/GitHub Desktop/logs/2026-02-25.desktop.production.log (12KB)
[2026-03-01 22:59:52] [clean] REMOVED /Users/prashantkoirala/Library/Application Support/GitHub Desktop/logs/2026-02-26.desktop.production.log (16KB)
[2026-03-01 22:59:52] [clean] REMOVED /Users/prashantkoirala/Library/Application Support/GitHub Desktop/logs/2026-02-17.desktop.production.log (16KB)
[2026-03-01 22:59:52] [clean] REMOVED /Users/prashantkoirala/Library/Application Support/GitHub Desktop/logs/2026-02-21.desktop.production.log (8KB)
[2026-03-01 22:59:52] [clean] REMOVED /Users/prashantkoirala/Library/Application Support/GitHub Desktop/logs/2026-02-20.desktop.production.log (25KB)
[2026-03-01 22:59:52] [clean] REMOVED /Users/prashantkoirala/Library/Application Support/GitHub Desktop/logs/2026-02-27.desktop.production.log (4KB)
[2026-03-01 22:59:52] [clean] REMOVED /Users/prashantkoirala/Library/Application Support/GitHub Desktop/logs/2026-02-15.desktop.production.log (20KB)
[2026-03-01 22:59:52] [clean] REMOVED /Users/prashantkoirala/Library/Application Support/GitHub Desktop/logs/2026-02-18.desktop.production.log (20KB)
[2026-03-01 22:59:52] [clean] REMOVED /Users/prashantkoirala/Library/Application Support/GitHub Desktop/logs/2026-02-23.desktop.production.log (12KB)
[2026-03-01 22:59:52] [clean] REMOVED /Users/prashantkoirala/Library/Application Support/GitHub Desktop/Cache/Cache_Data/ddefa67e1c502c36_0 (20KB)
[2026-03-01 22:59:52] [clean] REMOVED /Users/prashantkoirala/Library/Application Support/GitHub Desktop/Cache/Cache_Data/c84fd14b33d6eabe_0 (8KB)
[2026-03-01 22:59:52] [clean] REMOVED /Users/prashantkoirala/Library/Application Support/GitHub Desktop/Cache/Cache_Data/1e3aa17ac5c6b55e_0 (8KB)
[2026-03-01 22:59:53] [clean] REMOVED /Users/prashantkoirala/Library/Application Support/GitHub Desktop/Cache/Cache_Data/7ac3679420eb1aae_0 (4KB)
[2026-03-01 22:59:53] [clean] REMOVED /Users/prashantkoirala/Library/Application Support/GitHub Desktop/Cache/Cache_Data/44b1937d0e954d39_0 (4KB)
[2026-03-01 22:59:53] [clean] REMOVED /Users/prashantkoirala/Library/Application Support/GitHub Desktop/Cache/Cache_Data/84b2842b3ce7f231_0 (8KB)
[2026-03-01 22:59:53] [clean] REMOVED /Users/prashantkoirala/Library/Application Support/GitHub Desktop/Cache/Cache_Data/2b3e36f8dfa71dfd_0 (8KB)
[2026-03-01 22:59:53] [clean] REMOVED /Users/prashantkoirala/Library/Application Support/GitHub Desktop/Cache/Cache_Data/index-dir (4KB)
[2026-03-01 22:59:53] [clean] REMOVED /Users/prashantkoirala/Library/Application Support/GitHub Desktop/Cache/Cache_Data/096fed39a19d7f90_0 (8KB)
[2026-03-01 22:59:53] [clean] REMOVED /Users/prashantkoirala/Library/Application Support/GitHub Desktop/Cache/Cache_Data/348709c8e91f70fc_0 (4KB)
[2026-03-01 22:59:53] [clean] REMOVED /Users/prashantkoirala/Library/Application Support/GitHub Desktop/Cache/Cache_Data/9d0a252ce3c0111e_0 (4KB)
[2026-03-01 22:59:53] [clean] REMOVED /Users/prashantkoirala/Library/Application Support/GitHub Desktop/Cache/Cache_Data/f17ddbe4b553325d_0 (37KB)
[2026-03-01 22:59:53] [clean] REMOVED /Users/prashantkoirala/Library/Application Support/GitHub Desktop/Cache/Cache_Data/81112db9cbec2cc5_0 (8KB)
[2026-03-01 22:59:53] [clean] REMOVED /Users/prashantkoirala/Library/Application Support/GitHub Desktop/Cache/Cache_Data/86b421c2e92ccba2_0 (4KB)
[2026-03-01 22:59:53] [clean] REMOVED /Users/prashantkoirala/Library/Application Support/GitHub Desktop/Cache/Cache_Data/1561bbf733461251_0 (4KB)
[2026-03-01 22:59:53] [clean] REMOVED /Users/prashantkoirala/Library/Application Support/GitHub Desktop/Cache/Cache_Data/315c5af8461017f4_0 (8KB)
[2026-03-01 22:59:53] [clean] REMOVED /Users/prashantkoirala/Library/Application Support/GitHub Desktop/Cache/Cache_Data/d943003f389191e5_0 (16KB)
[2026-03-01 22:59:53] [clean] REMOVED /Users/prashantkoirala/Library/Application Support/GitHub Desktop/Cache/Cache_Data/339e3ef9ec007e49_0 (4KB)
[2026-03-01 22:59:53] [clean] REMOVED /Users/prashantkoirala/Library/Application Support/GitHub Desktop/Cache/Cache_Data/5d9502b80d0f3ed2_0 (4KB)
[2026-03-01 22:59:53] [clean] REMOVED /Users/prashantkoirala/Library/Application Support/GitHub Desktop/Cache/Cache_Data/0ce0a234c5f67d17_0 (4KB)
[2026-03-01 22:59:53] [clean] REMOVED /Users/prashantkoirala/Library/Application Support/GitHub Desktop/Cache/Cache_Data/bc6f17329e8f101f_0 (4KB)
[2026-03-01 22:59:53] [clean] REMOVED /Users/prashantkoirala/Library/Application Support/GitHub Desktop/Cache/Cache_Data/e13132f6b10e149e_0 (12KB)
[2026-03-01 22:59:53] [clean] REMOVED /Users/prashantkoirala/Library/Application Support/GitHub Desktop/Cache/Cache_Data/2d591baeefb3c6e4_0 (8KB)
[2026-03-01 22:59:53] [clean] REMOVED /Users/prashantkoirala/Library/Application Support/GitHub Desktop/Cache/Cache_Data/c4ae5b6ef1fbf603_0 (4KB)
[2026-03-01 22:59:53] [clean] REMOVED /Users/prashantkoirala/Library/Application Support/GitHub Desktop/Cache/Cache_Data/06a106cdacd2706d_0 (176KB)
[2026-03-01 22:59:53] [clean] REMOVED /Users/prashantkoirala/Library/Application Support/GitHub Desktop/Cache/Cache_Data/c96e90bb7c06a42a_0 (8KB)
[2026-03-01 22:59:53] [clean] REMOVED /Users/prashantkoirala/Library/Application Support/GitHub Desktop/Cache/Cache_Data/0730b939720a9582_0 (4KB)
[2026-03-01 22:59:53] [clean] REMOVED /Users/prashantkoirala/Library/Application Support/GitHub Desktop/Cache/Cache_Data/18e1ed3d449de3c6_0 (8KB)
[2026-03-01 22:59:53] [clean] REMOVED /Users/prashantkoirala/Library/Application Support/GitHub Desktop/Cache/Cache_Data/36068cbfa1d3f734_0 (8KB)
[2026-03-01 22:59:53] [clean] REMOVED /Users/prashantkoirala/Library/Application Support/GitHub Desktop/Cache/Cache_Data/f9818d43d06a3d41_0 (4KB)
[2026-03-01 22:59:53] [clean] REMOVED /Users/prashantkoirala/Library/Application Support/GitHub Desktop/Cache/Cache_Data/a19b0a694637f8b0_0 (4KB)
[2026-03-01 22:59:53] [clean] REMOVED /Users/prashantkoirala/Library/Application Support/GitHub Desktop/Cache/Cache_Data/53375121e6cd6470_0 (4KB)
[2026-03-01 22:59:53] [clean] REMOVED /Users/prashantkoirala/Library/Application Support/GitHub Desktop/Cache/Cache_Data/f72e5e4269ed3f4c_0 (8KB)
[2026-03-01 22:59:53] [clean] REMOVED /Users/prashantkoirala/Library/Application Support/GitHub Desktop/Cache/Cache_Data/8e1c8bd4367a25e6_0 (4KB)
[2026-03-01 22:59:53] [clean] REMOVED /Users/prashantkoirala/Library/Application Support/GitHub Desktop/Cache/Cache_Data/de5db5d7d85051e8_0 (25KB)
[2026-03-01 22:59:53] [clean] REMOVED /Users/prashantkoirala/Library/Application Support/GitHub Desktop/Cache/Cache_Data/d4f0d3cb3760d660_0 (4KB)
[2026-03-01 22:59:53] [clean] REMOVED /Users/prashantkoirala/Library/Application Support/GitHub Desktop/Cache/Cache_Data/6d8fe2993b54f970_0 (8KB)
[2026-03-01 22:59:53] [clean] REMOVED /Users/prashantkoirala/Library/Application Support/GitHub Desktop/Cache/Cache_Data/8172a2eb970c497c_0 (8KB)
[2026-03-01 22:59:53] [clean] REMOVED /Users/prashantkoirala/Library/Application Support/GitHub Desktop/Cache/Cache_Data/9c5ee91cd672be3f_0 (8KB)
[2026-03-01 22:59:54] [clean] REMOVED /Users/prashantkoirala/Library/Application Support/GitHub Desktop/Cache/Cache_Data/f6543ebd05ce56f1_0 (4KB)
[2026-03-01 22:59:54] [clean] REMOVED /Users/prashantkoirala/Library/Application Support/GitHub Desktop/Cache/Cache_Data/31478cb0b4236f62_0 (4KB)
[2026-03-01 22:59:54] [clean] REMOVED /Users/prashantkoirala/Library/Application Support/GitHub Desktop/Cache/Cache_Data/d8b08866529f0cf6_0 (8KB)
[2026-03-01 22:59:54] [clean] REMOVED /Users/prashantkoirala/Library/Application Support/GitHub Desktop/Cache/Cache_Data/889d4c1dad4f498e_0 (4KB)
[2026-03-01 22:59:54] [clean] REMOVED /Users/prashantkoirala/Library/Application Support/GitHub Desktop/Cache/Cache_Data/831ec151088eaa53_0 (8KB)
[2026-03-01 22:59:54] [clean] REMOVED /Users/prashantkoirala/Library/Application Support/GitHub Desktop/Cache/Cache_Data/c419ae57ca86805f_0 (8KB)
[2026-03-01 22:59:54] [clean] REMOVED /Users/prashantkoirala/Library/Application Support/GitHub Desktop/Cache/Cache_Data/3a9c93373c634ead_0 (4KB)
[2026-03-01 22:59:54] [clean] REMOVED /Users/prashantkoirala/Library/Application Support/GitHub Desktop/Cache/Cache_Data/28c0b5faab53541c_0 (4KB)
[2026-03-01 22:59:54] [clean] REMOVED /Users/prashantkoirala/Library/Application Support/GitHub Desktop/Cache/Cache_Data/13eb6d850f9088a3_0 (4KB)
[2026-03-01 22:59:54] [clean] REMOVED /Users/prashantkoirala/Library/Application Support/GitHub Desktop/Cache/Cache_Data/a0605fef0efd3949_0 (4KB)
[2026-03-01 22:59:54] [clean] REMOVED /Users/prashantkoirala/Library/Application Support/GitHub Desktop/Cache/Cache_Data/d5fce2305df2d757_0 (4KB)
[2026-03-01 22:59:54] [clean] REMOVED /Users/prashantkoirala/Library/Application Support/GitHub Desktop/Cache/Cache_Data/f402693558498b5a_0 (8KB)
[2026-03-01 22:59:54] [clean] REMOVED /Users/prashantkoirala/Library/Application Support/GitHub Desktop/Cache/Cache_Data/2f40ec0fa86bbc97_0 (4KB)
[2026-03-01 22:59:54] [clean] REMOVED /Users/prashantkoirala/Library/Application Support/GitHub Desktop/Cache/Cache_Data/d5fb688dabe8057b_0 (8KB)
[2026-03-01 22:59:54] [clean] REMOVED /Users/prashantkoirala/Library/Application Support/GitHub Desktop/Cache/Cache_Data/4f00d6c041cd3867_0 (4KB)
[2026-03-01 22:59:54] [clean] REMOVED /Users/prashantkoirala/Library/Application Support/GitHub Desktop/Cache/Cache_Data/6cc20df13f4708b7_0 (8KB)
[2026-03-01 22:59:54] [clean] REMOVED /Users/prashantkoirala/Library/Application Support/GitHub Desktop/Cache/Cache_Data/16fd12fccaa4e3b9_0 (8KB)
[2026-03-01 22:59:54] [clean] REMOVED /Users/prashantkoirala/Library/Application Support/GitHub Desktop/Cache/Cache_Data/8cb6447bf6239bb8_0 (8KB)
[2026-03-01 22:59:54] [clean] REMOVED /Users/prashantkoirala/Library/Application Support/GitHub Desktop/Cache/Cache_Data/7e140da396d16325_0 (4KB)
[2026-03-01 22:59:54] [clean] REMOVED /Users/prashantkoirala/Library/Application Support/GitHub Desktop/Cache/Cache_Data/f247dea3dfcb8e96_0 (8KB)
[2026-03-01 22:59:54] [clean] REMOVED /Users/prashantkoirala/Library/Application Support/GitHub Desktop/Cache/Cache_Data/2513fab114282cae_0 (8KB)
[2026-03-01 22:59:54] [clean] REMOVED /Users/prashantkoirala/Library/Application Support/GitHub Desktop/Cache/Cache_Data/355977c80afeaa1e_0 (8KB)
[2026-03-01 22:59:54] [clean] REMOVED /Users/prashantkoirala/Library/Application Support/GitHub Desktop/Cache/Cache_Data/cfa5894cc0cc6b9a_0 (4KB)
[2026-03-01 22:59:54] [clean] REMOVED /Users/prashantkoirala/Library/Application Support/GitHub Desktop/Cache/Cache_Data/d3bd59af881fbd48_0 (8KB)
[2026-03-01 22:59:54] [clean] REMOVED /Users/prashantkoirala/Library/Application Support/GitHub Desktop/Cache/Cache_Data/318ab69b217b065b_0 (16KB)
[2026-03-01 22:59:54] [clean] REMOVED /Users/prashantkoirala/Library/Application Support/GitHub Desktop/Cache/Cache_Data/c07da29c2c11fbc3_0 (8KB)
[2026-03-01 22:59:54] [clean] REMOVED /Users/prashantkoirala/Library/Application Support/GitHub Desktop/Cache/Cache_Data/9f770478cebfd43d_0 (4KB)
[2026-03-01 22:59:54] [clean] REMOVED /Users/prashantkoirala/Library/Application Support/GitHub Desktop/Cache/Cache_Data/bf8ce3702ab6d7d4_0 (8KB)
[2026-03-01 22:59:54] [clean] REMOVED /Users/prashantkoirala/Library/Application Support/GitHub Desktop/Cache/Cache_Data/719c98c110a3f1e7_0 (4KB)
[2026-03-01 22:59:54] [clean] REMOVED /Users/prashantkoirala/Library/Application Support/GitHub Desktop/Cache/Cache_Data/1c4956720a595252_0 (57KB)
[2026-03-01 22:59:54] [clean] REMOVED /Users/prashantkoirala/Library/Application Support/GitHub Desktop/Cache/Cache_Data/e21b37e9f87a9600_0 (4KB)
[2026-03-01 22:59:54] [clean] REMOVED /Users/prashantkoirala/Library/Application Support/GitHub Desktop/Cache/Cache_Data/index (4KB)
[2026-03-01 22:59:54] [clean] REMOVED /Users/prashantkoirala/Library/Application Support/GitHub Desktop/Cache/Cache_Data/d5445145a07319ff_0 (4KB)
[2026-03-01 22:59:54] [clean] REMOVED /Users/prashantkoirala/Library/Application Support/GitHub Desktop/Cache/Cache_Data/82bb20bb5677170b_0 (8KB)
[2026-03-01 22:59:54] [clean] REMOVED /Users/prashantkoirala/Library/Application Support/GitHub Desktop/Cache/Cache_Data/6ea0c0223255f56b_0 (4KB)
[2026-03-01 22:59:54] [clean] REMOVED /Users/prashantkoirala/Library/Application Support/GitHub Desktop/Cache/Cache_Data/39adda8ef116f570_0 (8KB)
[2026-03-01 22:59:54] [clean] REMOVED /Users/prashantkoirala/Library/Application Support/GitHub Desktop/Cache/Cache_Data/2f337e620bd3f8eb_0 (8KB)
[2026-03-01 22:59:54] [clean] REMOVED /Users/prashantkoirala/Library/Application Support/GitHub Desktop/Cache/Cache_Data/44dd123a2c58c04a_0 (8KB)
[2026-03-01 22:59:55] [clean] REMOVED /Users/prashantkoirala/Library/Application Support/GitHub Desktop/Cache/Cache_Data/814b399815220976_0 (8KB)
[2026-03-01 22:59:55] [clean] REMOVED /Users/prashantkoirala/Library/Application Support/GitHub Desktop/Cache/Cache_Data/aa0c63f6f8a0ee54_0 (8KB)
[2026-03-01 22:59:55] [clean] REMOVED /Users/prashantkoirala/Library/Application Support/GitHub Desktop/Cache/Cache_Data/9d28f43b9b34d104_0 (4KB)
[2026-03-01 22:59:55] [clean] REMOVED /Users/prashantkoirala/Library/Application Support/GitHub Desktop/Cache/Cache_Data/b6198a90f69145a2_0 (8KB)
[2026-03-01 22:59:55] [clean] REMOVED /Users/prashantkoirala/Library/Application Support/GitHub Desktop/Cache/Cache_Data/916e484d64ca6b7b_0 (4KB)
[2026-03-01 22:59:55] [clean] REMOVED /Users/prashantkoirala/Library/Application Support/GitHub Desktop/Cache/Cache_Data/8639ea814fd3348d_0 (8KB)
[2026-03-01 22:59:55] [clean] REMOVED /Users/prashantkoirala/Library/Application Support/GitHub Desktop/Cache/Cache_Data/a8bcf383099624c0_0 (8KB)
[2026-03-01 22:59:55] [clean] REMOVED /Users/prashantkoirala/Library/Application Support/GitHub Desktop/Cache/Cache_Data/d2f2ee9b964e9331_0 (8KB)
[2026-03-01 22:59:55] [clean] REMOVED /Users/prashantkoirala/Library/Application Support/GitHub Desktop/Cache/Cache_Data/9d23e03043a3a508_0 (8KB)
[2026-03-01 22:59:55] [clean] REMOVED /Users/prashantkoirala/Library/Application Support/GitHub Desktop/Cache/Cache_Data/7a95768a6ce57833_0 (4KB)
[2026-03-01 22:59:55] [clean] REMOVED /Users/prashantkoirala/Library/Application Support/GitHub Desktop/Cache/Cache_Data/5bd31173ea225946_0 (8KB)
[2026-03-01 22:59:55] [clean] REMOVED /Users/prashantkoirala/Library/Application Support/GitHub Desktop/Cache/Cache_Data/7e78ea7993ef6e37_0 (8KB)
[2026-03-01 22:59:55] [clean] REMOVED /Users/prashantkoirala/Library/Application Support/Postman/logs/renderer-requester.log (2.8MB)
[2026-03-01 22:59:55] [clean] REMOVED /Users/prashantkoirala/Library/Application Support/Postman/logs/renderer-auth.log (4KB)
[2026-03-01 22:59:55] [clean] REMOVED /Users/prashantkoirala/Library/Application Support/Postman/logs/main.log (98KB)
[2026-03-01 22:59:56] [clean] REMOVED /Users/prashantkoirala/Library/Application Support/qBittorrent/logs/qbittorrent.log (33KB)
[2026-03-01 23:00:04] [clean] REMOVED /var/folders/s5/bry5jw1s1h5f9gjmv8qbk9rm0000gn/T/tmp.kCipiDF7PQ (16KB)
[2026-03-01 23:00:07] [clean] REMOVED /Users/prashantkoirala/Library/WebKit/com.sproutcube.Shortcat (1.1MB)
[2026-03-01 23:00:07] [clean] REMOVED /Users/prashantkoirala/Library/HTTPStorages/com.sproutcube.Shortcat (57KB)
[2026-03-01 23:00:07] [clean] SKIPPED /Users/prashantkoirala/Library/Caches/com.apple.rosetta.update (protected)
[2026-03-01 23:00:07] [clean] SKIPPED /Users/prashantkoirala/Library/Caches/com.apple.amp.mediasevicesd (protected)
# ========== clean session ended at 2026-03-01 23:00:13, 704 items, 10.18GB ==========
